-- phpMyAdmin SQL Dump
-- version 3.5.8
-- http://www.phpmyadmin.net
--
-- Хост: localhost
-- Время создания: Фев 01 2017 г., 07:48
-- Версия сервера: 5.5.32
-- Версия PHP: 5.4.17

SET SQL_MODE="NO_AUTO_VALUE_ON_ZERO";
SET time_zone = "+00:00";


-- /*!40101 SET @OLD_CHARACTER_SET_CLIENT=@@CHARACTER_SET_CLIENT */;
-- /*!40101 SET @OLD_CHARACTER_SET_RESULTS=@@CHARACTER_SET_RESULTS */;
-- /*!40101 SET @OLD_COLLATION_CONNECTION=@@COLLATION_CONNECTION */;
-- /*!40101 SET NAMES utf8 */;

--
-- База данных: `projet5`
--
CREATE DATABASE `projet5` DEFAULT CHARACTER SET utf8 COLLATE utf8_general_ci;
USE `projet5`;
-- --------------------------------------------------------

--
-- Структура таблицы `Competences`
--

CREATE TABLE IF NOT EXISTS `Competences` (
  `Semestre` varchar(2) NOT NULL,
  `CoursId` int(2) NOT NULL,
  `Code` varchar(12) NOT NULL,
  `Description` varchar(202) DEFAULT NULL,
  `WWW` varchar(52) DEFAULT NULL,
  PRIMARY KEY (`Code`),
  UNIQUE KEY `Code` (`Code`),
  KEY `Code_2` (`Code`),
  KEY `CoursId` (`CoursId`)
) ENGINE=InnoDB DEFAULT CHARSET=utf8;

--
-- Дамп данных таблицы `Competences`
--

INSERT INTO `Competences` (`Semestre`, `CoursId`, `Code`, `Description`, `WWW`) VALUES
('S1', 1, 's1prmael01', 'Utiliser les nombres complexes pour décrire les impédances et les tensions', 'http://umtice.univ-lemans.fr/enrol/index.php?id=362'),
('S1', 1, 's1prmael02', 'Utiliser les lois élémentaires de l''électrocinétique (loi des nœuds, loi des mailles, diviseur de tension,…)', 'http://umtice.univ-lemans.fr/enrol/index.php?id=362 '),
('S1', 1, 's1prmael03', 'Concevoir un filtre passif du premier ordre et calculer sa fonction de transfert', 'http://umtice.univ-lemans.fr/enrol/index.php?id=362'),
('S1', 2, 's1projacou01', 'Pour un montage simple, câbler, exciter, mesurer', 'http://umtice.univ-lemans.fr/course/view.php?id=2619'),
('S1', 2, 's1projacou02', 'Pour un montage simple, représenter des résultats et les confronter à un modèle', 'http://umtice.univ-lemans.fr/course/view.php?id=2619'),
('S2', 3, 's2mecaflui01', 'Avoir des notions de rhéologie des fluides (viscosité, Reynolds,…).', 'http://umtice.univ-lemans.fr/course/view.php?id=2619'),
('S2', 4, 's2baseinst01', 'Maîtriser les signaux d excitation et les caractéristiques des capteurs et actionneurs en acoustique et vibration', 'http://umtice.univ-lemans.fr/course/view.php?id=379'),
('S2', 4, 's2baseinst02', 'Adapter les impédances d entrée et de sortie des différents appareils de mesure', 'http://umtice.univ-lemans.fr/course/view.php?id=379'),
('S2', 4, 's2baseinst03', 'Connaître les bases et les biais induits par la numérisation des signaux', 'http://umtice.univ-lemans.fr/course/view.php?id=379'),
('S2', 4, 's2baseinst04', 'Donner un résultat de mesure pertinent et évaluer son incertitude', 'http://umtice.univ-lemans.fr/course/view.php?id=379'),
('S3', 5, 's3acouphys01', 'Résoudre un problème d''ondes planes dans le domaine fréquentiel avec conditions aux limites', 'http://umtice.univ-lemans.fr/course/view.php?id=2619'),
('S3', 5, 's3acouphys02', 'Trouver les modes propres d''un résonateur et résoudre un problème avec source', 'http://umtice.univ-lemans.fr/course/view.php?id=2619'),
('S3', 5, 's3acouphys03', 'Écrire un problème avec pertes et calculer l''intensité acoustique', 'http://umtice.univ-lemans.fr/course/view.php?id=2619'),
('S3', 5, 's3acouphys04', 'Résoudre un problème d''ondes planes dans le domaine temporel avec conditions initiales', 'http://umtice.univ-lemans.fr/course/view.php?id=2619'),
('S3', 6, 's3mathnume01', 'Déterminer les valeurs propres et vecteurs propres d''une matrice.', 'http://umtice.univ-lemans.fr/course/view.php?id=2619'),
('S3', 7, 's3mecarigi01', 'Écrire les torseurs transmissibles par des liaisons ou des contacts parfaits ou avec frottement', 'http://umtice.univ-lemans.fr/course/view.php?id=2619'),
('S3', 7, 's3mecarigi02', 'Isoler un système mécanique et écrire les équations d''équilibre d''un solide.', 'http://umtice.univ-lemans.fr/course/view.php?id=2619'),
('S3', 7, 's3mecarigi03', 'Calculer un torseur équivalent à un chargement réparti', 'http://umtice.univ-lemans.fr/course/view.php?id=2619'),
('S3', 7, 's3mecarigi04', 'Calculer le torseur cinématique (torseur distributeur de vitesses) dans le cas d''une composition de mouvement.', 'http://umtice.univ-lemans.fr/course/view.php?id=2619'),
('S3', 7, 's3mecarigi05', 'Calculer l''énergie cinétique et potentielle d''un solide indéformable.', 'http://umtice.univ-lemans.fr/course/view.php?id=2619'),
('S3', 7, 's3mecarigi06', 'Écrire le principe fondamental de la dynamique pour un solide indéformable en précisant les éléments de réduction en un point du torseur dynamique du solide par rapport à un repère galiléen.', 'http://umtice.univ-lemans.fr/course/view.php?id=2619'),
('S3', 7, 's3mecarigi07', 'Calculer la réponse temporelle d''un système à 1 degré de liberté en vibrations libres avec ou sans amortissement.', 'http://umtice.univ-lemans.fr/course/view.php?id=2619'),
('S3', 7, 's3mecarigi08', 'Calculer la réponse temporelle d''un système à 1 degré de liberté en vibrations forcées avec ou sans amortissement.', 'http://umtice.univ-lemans.fr/course/view.php?id=2619'),
('S4', 8, 's4elecacou01', 'Connaître les analogies électro-mécano-acoustiques de bases (dipôles R, L, C)', 'http://umtice.univ-lemans.fr/course/view.php?id=359'),
('S4', 8, 's4elecacou02', 'Connaître, définir et utiliser les grandeurs caractérisant une chaîne électroacoustique', 'http://umtice.univ-lemans.fr/course/view.php?id=359'),
('S4', 8, 's4elecacou03', 'Mesurer les grandeurs caractérisant une chaîne électroacoustique', 'http://umtice.univ-lemans.fr/course/view.php?id=359'),
('S4', 8, 's4elecacou04', 'Mesurer l''impédance électrique d''un haut-parleur en fonction de la fréquence', 'http://umtice.univ-lemans.fr/course/view.php?id=359'),
('S4', 8, 's4elecacou05', 'Savoir résoudre un problème utilisant des analogies électro-mécano-acoustiques', 'http://umtice.univ-lemans.fr/course/view.php?id=359'),
('S4', 9, 's4mecardm01', 'Déterminer le chargement maximal admissible d''une structure composée de poutres.', 'http://umtice.univ-lemans.fr/course/view.php?id=2860'),
('S4', 9, 's4mecardm02', 'Calculer un torseur des forces de cohésion pour une sollicitation, et nommer ces sollicitations dans le cas d''une poutre droite.', 'http://umtice.univ-lemans.fr/course/view.php?id=2860'),
('S4', 9, 's4mecardm03', 'Déterminer si un système est isostatique, hypostatique ou hyperstatique de degré n.', 'http://umtice.univ-lemans.fr/course/view.php?id=2860'),
('S4', 9, 's4mecardm04', 'Déterminer les composantes d''un torseur d''efforts intérieurs dans le cas d''une poutre non droite..', 'http://umtice.univ-lemans.fr/course/view.php?id=2860'),
('S4', 9, 's4mecardm05', 'Déterminer un élément du torseur de déplacement d''un point.', 'http://umtice.univ-lemans.fr/course/view.php?id=2860'),
('S5', 10, 's5mecaelas03', 'Pour un problème volumique, poser les équations nécessaires à sa résolution.', 'http://umtice.univ-lemans.fr/course/view.php?id=2209'),
('S5', 10, 's5mecaelas04', 'Déterminer et représenter l''état de déformation en un point d''un solide volumique à partir d''un champs de déplacement.', 'http://umtice.univ-lemans.fr/course/view.php?id=2209'),
('S5', 10, 's5mecaelas05', 'Déterminer pour un problème donné, l''état de déformation, de contrainte et la charge maximale.', 'http://umtice.univ-lemans.fr/course/view.php?id=2209'),
('S5', 10, 's5mecaelas06', 'Déterminer l''état de déformation en un point d''un solide à partir de mesures avec une rosette de déformation.', 'http://umtice.univ-lemans.fr/course/view.php?id=2209'),
('S5', 10, 's5mecaelas07', 'Déterminer, représenter l''état de contrainte en un point d''un solide et d''estimer si la limite d''élasticité est franchie, à partir des données en un point.', 'http://umtice.univ-lemans.fr/course/view.php?id=2209'),
('S5', 11, 's5ranmeca01', 'Utiliser l''équation de Bernoulli.', 'http://umtice.univ-lemans.fr/course/view.php?id=2619'),
('S5', 11, 's5ranmeca02', 'Calculer la réponse temporelle d''un système à 2 degré de liberté en vibrations libres avec ou sans amortissement.', 'http://umtice.univ-lemans.fr/course/view.php?id=2619'),
('S5', 11, 's5ranmeca03', 'Calculer la réponse temporelle d''un système à 2 degré de liberté en vibrations forcées avec ou sans amortissement.', 'http://umtice.univ-lemans.fr/course/view.php?id=2619'),
('S5', 11, 's5ranmeca04', 'Pour un système réel énoncer les différentes hypothèses simplificatrices plausibles', 'http://umtice.univ-lemans.fr/course/view.php?id=2619'),
('S5', 11, 's5ranmeca05', 'Estimer les ordres de grandeurs de grandeurs mécaniques.', 'http://umtice.univ-lemans.fr/course/view.php?id=2619'),
('S5', 12, 's5thermo01', 'Savoir ce que représentent la température, la pression et connaître les unités associées. Loi des gaz parfaits.', 'http://umtice.univ-lemans.fr/course/view.php?id=2619'),
('S5', 12, 's5thermo02', 'Savoir calculer un travail et connaître les transformations adiabatiques – Premier principe', 'http://umtice.univ-lemans.fr/course/view.php?id=2619'),
('S5', 12, 's5thermo03', 'Connaître les transformations simples de la thermodynamique : isochore, isobare, isotherme', 'http://umtice.univ-lemans.fr/course/view.php?id=2619'),
('S5', 12, 's5thermo04', 'Comprendre la notion de cycle et de machine thermodynamique et savoir calculer un rendement.', 'http://umtice.univ-lemans.fr/course/view.php?id=2619'),
('S5', 12, 's5thermo05', 'Savoir calculer des variations d''entropie.', 'http://umtice.univ-lemans.fr/course/view.php?id=2619'),
('S5', 12, 's5thermo06', 'Savoir utiliser la notion de différentielle.', 'http://umtice.univ-lemans.fr/course/view.php?id=2619'),
('S5', 12, 's5thermo07', 'Connaître les principes de la calorimétrie et savoir calculer les échanges de chaleur.', 'http://umtice.univ-lemans.fr/course/view.php?id=2619'),
('S6', 13, 's6chal01', 'Résoudre un problème de thermique pour des applications simples (murs, fenêtre, habitat, ailettes de refroidissement, pont thermique…)', 'http://umtice.univ-lemans.fr/course/view.php?id=2619'),
('S6', 13, 's6chal02', 'Écrire un bilan thermique pour des configurations géométriques élémentaires (plan, cylindre, sphère,…)', 'http://umtice.univ-lemans.fr/course/view.php?id=2619'),
('S6', 13, 's6chal03', 'Résoudre les équations différentielles associées à un problème de thermique', 'http://umtice.univ-lemans.fr/course/view.php?id=2619'),
('S6', 13, 's6chal04', 'Poser un problème simple de thermique', 'http://umtice.univ-lemans.fr/course/view.php?id=2619'),
('S6', 13, 's6chal05', 'Utiliser l''équation aux dimensions et la théorie de la similitude pour résoudre un problème de thermique', 'http://umtice.univ-lemans.fr/course/view.php?id=2619'),
('S6', 14, 's6elecacou01', 'Appliquer les analogies acoustique-électrique-mécanique pour des problèmes de transduction', 'http://umtice.univ-lemans.fr/course/view.php?id=2619'),
('S6', 14, 's6elecacou02', 'Manipuler les schémas électriques (Bode, loi des nœuds, …) dans le contexte de l''électroacoustique', 'http://umtice.univ-lemans.fr/course/view.php?id=2619'),
('S6', 14, 's6elecacou03', 'Comprendre les différents types de transduction (électrodynamique, électrostatique,…) ainsi que leurs caractéristiques (sensibilités, réponse en fréquence, distorsion,…)', 'http://umtice.univ-lemans.fr/course/view.php?id=2619'),
('S6', 15, 's6guidonde01', 'Déterminer par la méthode de séparation de variables, les fonctions propres et les valeurs propres des modes dans un guide d ondes infini à parois rigides et contruire le champs acoustique total', ''),
('S6', 15, 's6guidonde02', 'Déterminer le champs acoustique total dans un guide d ondes à parois rigides avec source.', ''),
('S6', 15, 's6guidonde03', 'Maitriser les concepts de vitesse de phase, de groupe et les courbes associées en fonction de la fréquence, les modes propagatifs et évanescents, et calculer les flux d''énergie dans un guide d ondes', ''),
('S6', 15, 's6guidonde04', 'Déterminer l''équation de dispersion pour un guide d ondes infini à parois traitées', ''),
('S6', 15, 's6guidonde05', 'Calculer les coefficients de réflexion et de transmission des modes dans un guide d ondes infini à parois rigides avec une discontinuité', ''),
('S6', 15, 's6guidonde06', 'Calculer la fonction de Green dans une cavité avec parois rigides', ''),
('S7', 15, 's7ranmeca01', 'Poser et résoudre un problème de statique du solide rigide avec frottement.', 'http://umtice.univ-lemans.fr/course/view.php?id=2619'),
('S7', 15, 's7ranmeca02', 'Poser et résoudre un problème de dynamique en translation du solide rigide.', 'http://umtice.univ-lemans.fr/course/view.php?id=2619'),
('S7', 15, 's7ranmeca03', 'Poser et résoudre un problème de dynamique en mouvement plan du solide rigide.', 'http://umtice.univ-lemans.fr/course/view.php?id=2619');

-- --------------------------------------------------------

--
-- Структура таблицы `CompEtud`
--

CREATE TABLE IF NOT EXISTS `CompEtud` (
  `CompEtud_CompetenceCode` varchar(12)  NOT NULL,
  `CompEtud_EtudiantId` int(8) NOT NULL,
  `CompEtud_Etat` int(1) NOT NULL,
  KEY `CompEtud_CompetenceCode` (`CompEtud_CompetenceCode`),
  KEY `CompEtud_EtudiantId` (`CompEtud_EtudiantId`)
) ENGINE=InnoDB DEFAULT CHARSET=utf8;

--
-- Дамп данных таблицы `CompEtud`
--

INSERT INTO `CompEtud` (`CompEtud_CompetenceCode`, `CompEtud_EtudiantId`, `CompEtud_Etat`) VALUES
('s1projacou01', 20150933, 3),
('s1projacou01', 20151050, 2),
('s1projacou01', 20142870, 3),
('s1projacou01', 20151177, 1),
('s1projacou01', 20151094, 3),
('s1projacou01', 20153511, 3),
('s1projacou01', 20154869, 1),
('s1projacou01', 20151938, 3),
('s1projacou01', 20151070, 2),
('s1projacou01', 20150789, 2),
('s1projacou01', 20146474, 3),
('s1projacou01', 20151628, 2),
('s1projacou02', 20150933, 2),
('s1projacou02', 20151050, 1),
('s1projacou02', 20142870, 1),
('s1projacou02', 20151177, 2),
('s1projacou02', 20151094, 1),
('s1projacou02', 20153511, 2),
('s1projacou02', 20154869, 1),
('s1projacou02', 20151938, 2),
('s1projacou02', 20151070, 3),
('s1projacou02', 20150789, 3),
('s1projacou02', 20146474, 2),
('s1projacou02', 20151628, 2),
('s3acouphys01', 20140676, 1),
('s3acouphys01', 20154686, 3),
('s3acouphys01', 20152174, 1),
('s3acouphys01', 20141226, 1),
('s3acouphys01', 20140498, 1),
('s3acouphys01', 20154251, 1),
('s3acouphys01', 20141738, 1),
('s3acouphys01', 20096468, 1),
('s3acouphys01', 20152178, 3),
('s3acouphys01', 20144278, 1),
('s3acouphys01', 20142083, 1),
('s3acouphys01', 20140475, 3),
('s3acouphys01', 20154991, 1),
('s3acouphys01', 20142774, 1),
('s3acouphys01', 20141528, 1),
('s3acouphys01', 20140711, 1),
('s3acouphys01', 20142274, 1),
('s3acouphys01', 20142339, 1),
('s3acouphys01', 20143416, 1),
('s3acouphys01', 20143621, 1),
('s3acouphys01', 20150944, 3),
('s3acouphys01', 20133476, 1),
('s3acouphys01', 20135478, 3),
('s3acouphys01', 20155362, 1),
('s3acouphys01', 20131941, 1),
('s3acouphys01', 20124362, 1),
('s3acouphys01', 20104004, 1),
('s3acouphys01', 20143381, 1),
('s3acouphys01', 20131589, 1),
('s3acouphys01', 20133031, 1),
('s3acouphys01', 20146535, 3),
('s3acouphys01', 20131945, 1),
('s3acouphys01', 20132942, 1),
('s3acouphys01', 20153914, 1),
('s3acouphys01', 20145266, 1),
('s3acouphys01', 20136267, 1),
('s3acouphys02', 20140676, 1),
('s3acouphys02', 20154686, 1),
('s3acouphys02', 20152174, 1),
('s3acouphys02', 20141226, 1),
('s3acouphys02', 20140498, 1),
('s3acouphys02', 20154251, 1),
('s3acouphys02', 20141738, 1),
('s3acouphys02', 20096468, 1),
('s3acouphys02', 20152178, 1),
('s3acouphys02', 20144278, 1),
('s3acouphys02', 20142083, 1),
('s3acouphys02', 20140475, 3),
('s3acouphys02', 20154991, 1),
('s3acouphys02', 20142774, 1),
('s3acouphys02', 20141528, 1),
('s3acouphys02', 20140711, 1),
('s3acouphys02', 20142274, 1),
('s3acouphys02', 20142339, 1),
('s3acouphys02', 20143416, 1),
('s3acouphys02', 20143621, 1),
('s3acouphys02', 20150944, 3),
('s3acouphys02', 20133476, 1),
('s3acouphys02', 20135478, 1),
('s3acouphys02', 20155362, 1),
('s3acouphys02', 20131941, 1),
('s3acouphys02', 20124362, 1),
('s3acouphys02', 20104004, 1),
('s3acouphys02', 20143381, 1),
('s3acouphys02', 20131589, 1),
('s3acouphys02', 20133031, 1),
('s3acouphys02', 20146535, 3),
('s3acouphys02', 20131945, 1),
('s3acouphys02', 20132942, 1),
('s3acouphys02', 20153914, 1),
('s3acouphys02', 20145266, 1),
('s3acouphys02', 20136267, 1),
('s3acouphys03', 20140676, 1),
('s3acouphys03', 20154686, 1),
('s3acouphys03', 20152174, 1),
('s3acouphys03', 20141226, 1),
('s3acouphys03', 20140498, 1),
('s3acouphys03', 20154251, 1),
('s3acouphys03', 20141738, 1),
('s3acouphys03', 20096468, 1),
('s3acouphys03', 20152178, 1),
('s3acouphys03', 20144278, 1),
('s3acouphys03', 20142083, 1),
('s3acouphys03', 20140475, 1),
('s3acouphys03', 20154991, 1),
('s3acouphys03', 20142774, 1),
('s3acouphys03', 20141528, 1),
('s3acouphys03', 20140711, 1),
('s3acouphys03', 20142274, 1),
('s3acouphys03', 20142339, 1),
('s3acouphys03', 20143416, 1),
('s3acouphys03', 20143621, 1),
('s3acouphys03', 20150944, 1),
('s3acouphys03', 20133476, 1),
('s3acouphys03', 20135478, 1),
('s3acouphys03', 20155362, 1),
('s3acouphys03', 20131941, 1),
('s3acouphys03', 20124362, 1),
('s3acouphys03', 20104004, 1),
('s3acouphys03', 20143381, 1),
('s3acouphys03', 20131589, 1),
('s3acouphys03', 20133031, 1),
('s3acouphys03', 20146535, 1),
('s3acouphys03', 20131945, 1),
('s3acouphys03', 20132942, 1),
('s3acouphys03', 20153914, 1),
('s3acouphys03', 20145266, 1),
('s3acouphys03', 20136267, 1),
('s3acouphys04', 20140676, 1),
('s3acouphys04', 20154686, 1),
('s3acouphys04', 20152174, 1),
('s3acouphys04', 20141226, 1),
('s3acouphys04', 20140498, 1),
('s3acouphys04', 20154251, 1),
('s3acouphys04', 20141738, 1),
('s3acouphys04', 20096468, 1),
('s3acouphys04', 20152178, 1),
('s3acouphys04', 20144278, 1),
('s3acouphys04', 20142083, 1),
('s3acouphys04', 20140475, 1),
('s3acouphys04', 20154991, 1),
('s3acouphys04', 20142774, 1),
('s3acouphys04', 20141528, 1),
('s3acouphys04', 20140711, 1),
('s3acouphys04', 20142274, 1),
('s3acouphys04', 20142339, 1),
('s3acouphys04', 20143416, 1),
('s3acouphys04', 20143621, 1),
('s3acouphys04', 20150944, 3),
('s3acouphys04', 20133476, 1),
('s3acouphys04', 20135478, 1),
('s3acouphys04', 20155362, 1),
('s3acouphys04', 20131941, 1),
('s3acouphys04', 20124362, 1),
('s3acouphys04', 20104004, 1),
('s3acouphys04', 20143381, 1),
('s3acouphys04', 20131589, 1),
('s3acouphys04', 20133031, 1),
('s3acouphys04', 20146535, 1),
('s3acouphys04', 20131945, 1),
('s3acouphys04', 20132942, 1),
('s3acouphys04', 20153914, 1),
('s3acouphys04', 20145266, 1),
('s3acouphys04', 20136267, 1),
('s3mathnume01', 20154790, 3),
('s3mathnume01', 20123435, 3),
('s3mathnume01', 20131308, 3),
('s3mathnume01', 20143885, 3),
('s3mathnume01', 20125716, 3),
('s3mathnume01', 20143665, 3),
('s3mathnume01', 20125872, 3),
('s3mathnume01', 20134009, 3),
('s3mathnume01', 20113067, 3),
('s3mathnume01', 20115289, 3),
('s3mathnume01', 20122345, 3),
('s3mathnume01', 20154250, 3),
('s3mathnume01', 20146510, 3),
('s3mathnume01', 20114411, 3),
('s3mathnume01', 20110743, 3),
('s3mathnume01', 20121059, 3),
('s3mathnume01', 20154052, 3),
('s3mathnume01', 20125720, 3),
('s3mathnume01', 20154122, 3),
('s3mathnume01', 20146514, 3),
('s3mathnume01', 20105931, 3),
('s3mathnume01', 20105790, 3),
('s3mathnume01', 20105792, 3),
('s4elecacou01', 20140676, 3),
('s4elecacou01', 20154686, 3),
('s4elecacou01', 20141226, 2),
('s4elecacou01', 20140498, 1),
('s4elecacou01', 20154251, 2),
('s4elecacou01', 20141738, 3),
('s4elecacou01', 20152178, 3),
('s4elecacou01', 20144278, 3),
('s4elecacou01', 20130551, 3),
('s4elecacou01', 20102474, 3),
('s4elecacou01', 20142083, 2),
('s4elecacou01', 20140475, 3),
('s4elecacou01', 20154991, 2),
('s4elecacou01', 20110749, 3),
('s4elecacou01', 20141528, 2),
('s4elecacou01', 20140711, 3),
('s4elecacou01', 20142274, 2),
('s4elecacou01', 20142339, 2),
('s4elecacou01', 20143416, 3),
('s4elecacou01', 20143621, 3),
('s4elecacou01', 20150944, 3),
('s4elecacou01', 20133476, 2),
('s4elecacou01', 20135478, 2),
('s4elecacou01', 20155362, 2),
('s4elecacou01', 20124362, 3),
('s4elecacou01', 20143381, 3),
('s4elecacou01', 20131589, 2),
('s4elecacou01', 20146535, 2),
('s4elecacou01', 20131945, 3),
('s4elecacou01', 20153914, 3),
('s4elecacou01', 20145266, 3),
('s4elecacou01', 20136267, 2),
('s4elecacou02', 20140676, 3),
('s4elecacou02', 20154686, 3),
('s4elecacou02', 20141226, 3),
('s4elecacou02', 20140498, 2),
('s4elecacou02', 20154251, 3),
('s4elecacou02', 20141738, 3),
('s4elecacou02', 20152178, 2),
('s4elecacou02', 20144278, 3),
('s4elecacou02', 20130551, 3),
('s4elecacou02', 20102474, 3),
('s4elecacou02', 20142083, 3),
('s4elecacou02', 20140475, 3),
('s4elecacou02', 20154991, 3),
('s4elecacou02', 20110749, 3),
('s4elecacou02', 20141528, 3),
('s4elecacou02', 20140711, 3),
('s4elecacou02', 20142274, 2),
('s4elecacou02', 20142339, 3),
('s4elecacou02', 20143416, 2),
('s4elecacou02', 20143621, 3),
('s4elecacou02', 20150944, 2),
('s4elecacou02', 20133476, 3),
('s4elecacou02', 20135478, 3),
('s4elecacou02', 20155362, 3),
('s4elecacou02', 20124362, 3),
('s4elecacou02', 20143381, 3),
('s4elecacou02', 20131589, 2),
('s4elecacou02', 20146535, 3),
('s4elecacou02', 20131945, 2),
('s4elecacou02', 20153914, 2),
('s4elecacou02', 20145266, 2),
('s4elecacou02', 20136267, 3),
('s4elecacou03', 20140676, 3),
('s4elecacou03', 20154686, 3),
('s4elecacou03', 20141226, 3),
('s4elecacou03', 20140498, 1),
('s4elecacou03', 20154251, 1),
('s4elecacou03', 20141738, 3),
('s4elecacou03', 20152178, 1),
('s4elecacou03', 20144278, 2),
('s4elecacou03', 20130551, 3),
('s4elecacou03', 20102474, 1),
('s4elecacou03', 20142083, 1),
('s4elecacou03', 20140475, 2),
('s4elecacou03', 20154991, 1),
('s4elecacou03', 20110749, 1),
('s4elecacou03', 20141528, 3),
('s4elecacou03', 20140711, 3),
('s4elecacou03', 20142274, 3),
('s4elecacou03', 20142339, 1),
('s4elecacou03', 20143416, 1),
('s4elecacou03', 20143621, 3),
('s4elecacou03', 20150944, 1),
('s4elecacou03', 20133476, 2),
('s4elecacou03', 20135478, 2),
('s4elecacou03', 20155362, 2),
('s4elecacou03', 20124362, 1),
('s4elecacou03', 20143381, 2),
('s4elecacou03', 20131589, 2),
('s4elecacou03', 20146535, 2),
('s4elecacou03', 20131945, 3),
('s4elecacou03', 20153914, 2),
('s4elecacou03', 20145266, 1),
('s4elecacou03', 20136267, 1),
('s4elecacou04', 20140676, 2),
('s4elecacou04', 20154686, 3),
('s4elecacou04', 20141226, 2),
('s4elecacou04', 20140498, 2),
('s4elecacou04', 20154251, 2),
('s4elecacou04', 20141738, 1),
('s4elecacou04', 20152178, 1),
('s4elecacou04', 20144278, 2),
('s4elecacou04', 20130551, 1),
('s4elecacou04', 20102474, 3),
('s4elecacou04', 20142083, 2),
('s4elecacou04', 20140475, 2),
('s4elecacou04', 20154991, 2),
('s4elecacou04', 20110749, 2),
('s4elecacou04', 20141528, 2),
('s4elecacou04', 20140711, 3),
('s4elecacou04', 20142274, 2),
('s4elecacou04', 20142339, 2),
('s4elecacou04', 20143416, 2),
('s4elecacou04', 20143621, 3),
('s4elecacou04', 20150944, 2),
('s4elecacou04', 20133476, 1),
('s4elecacou04', 20135478, 3),
('s4elecacou04', 20155362, 1),
('s4elecacou04', 20124362, 1),
('s4elecacou04', 20143381, 2),
('s4elecacou04', 20131589, 2),
('s4elecacou04', 20146535, 1),
('s4elecacou04', 20131945, 3),
('s4elecacou04', 20153914, 3),
('s4elecacou04', 20145266, 3),
('s4elecacou04', 20136267, 2),
('s4elecacou05', 20140676, 2),
('s4elecacou05', 20154686, 2),
('s4elecacou05', 20141226, 1),
('s4elecacou05', 20140498, 1),
('s4elecacou05', 20154251, 1),
('s4elecacou05', 20141738, 2),
('s4elecacou05', 20152178, 1),
('s4elecacou05', 20144278, 1),
('s4elecacou05', 20130551, 2),
('s4elecacou05', 20102474, 1),
('s4elecacou05', 20142083, 2),
('s4elecacou05', 20140475, 2),
('s4elecacou05', 20154991, 1),
('s4elecacou05', 20110749, 1),
('s4elecacou05', 20141528, 2),
('s4elecacou05', 20140711, 1),
('s4elecacou05', 20142274, 2),
('s4elecacou05', 20142339, 2),
('s4elecacou05', 20143416, 3),
('s4elecacou05', 20143621, 2),
('s4elecacou05', 20150944, 3),
('s4elecacou05', 20133476, 1),
('s4elecacou05', 20135478, 2),
('s4elecacou05', 20155362, 2),
('s4elecacou05', 20124362, 3),
('s4elecacou05', 20143381, 2),
('s4elecacou05', 20131589, 1),
('s4elecacou05', 20146535, 1),
('s4elecacou05', 20131945, 2),
('s4elecacou05', 20153914, 2),
('s4elecacou05', 20145266, 2),
('s4elecacou05', 20136267, 2),
('s4mecardm01', 20140676, 1),
('s4mecardm01', 20154686, 3),
('s4mecardm01', 20141738, 3),
('s4mecardm01', 20152178, 3),
('s4mecardm01', 20144278, 1),
('s4mecardm01', 20142083, 1),
('s4mecardm01', 20154991, 1),
('s4mecardm01', 20141528, 3),
('s4mecardm01', 20143416, 1),
('s4mecardm01', 20121602, 1),
('s4mecardm01', 20143621, 1),
('s4mecardm01', 20150944, 1),
('s4mecardm01', 20135478, 1),
('s4mecardm01', 20155362, 3),
('s4mecardm01', 20124362, 1),
('s4mecardm01', 20143381, 1),
('s4mecardm01', 20131945, 1),
('s4mecardm01', 20153914, 3),
('s4mecardm01', 20145266, 3),
('s4mecardm02', 20140676, 3),
('s4mecardm02', 20154686, 3),
('s4mecardm02', 20141226, 3),
('s4mecardm02', 20140498, 1),
('s4mecardm02', 20141738, 3),
('s4mecardm02', 20152178, 3),
('s4mecardm02', 20144278, 3),
('s4mecardm02', 20142083, 3),
('s4mecardm02', 20140475, 1),
('s4mecardm02', 20154991, 3),
('s4mecardm02', 20141528, 1),
('s4mecardm02', 20142274, 1),
('s4mecardm02', 20142339, 1),
('s4mecardm02', 20143416, 3),
('s4mecardm02', 20143621, 3),
('s4mecardm02', 20150944, 1),
('s4mecardm02', 20133476, 3),
('s4mecardm02', 20135478, 1),
('s4mecardm02', 20155362, 3),
('s4mecardm02', 20124362, 3),
('s4mecardm02', 20143381, 3),
('s4mecardm02', 20146535, 1),
('s4mecardm02', 20131945, 3),
('s4mecardm02', 20153914, 3),
('s4mecardm02', 20145266, 3),
('s4mecardm02', 20136267, 1),
('s4mecardm03', 20140676, 3),
('s4mecardm03', 20154686, 3),
('s4mecardm03', 20130493, 3),
('s4mecardm03', 20141226, 3),
('s4mecardm03', 20140498, 3),
('s4mecardm03', 20154251, 1),
('s4mecardm03', 20131381, 3),
('s4mecardm03', 20141738, 3),
('s4mecardm03', 20152178, 3),
('s4mecardm03', 20144278, 3),
('s4mecardm03', 20124049, 3),
('s4mecardm03', 20130551, 3),
('s4mecardm03', 20142083, 3),
('s4mecardm03', 20140475, 3),
('s4mecardm03', 20154991, 3),
('s4mecardm03', 20143239, 3),
('s4mecardm03', 20142915, 3),
('s4mecardm03', 20141528, 3),
('s4mecardm03', 20140711, 1),
('s4mecardm03', 20142274, 3),
('s4mecardm03', 20142339, 3),
('s4mecardm03', 20143416, 3),
('s4mecardm03', 20130755, 3),
('s4mecardm03', 20121602, 1),
('s4mecardm03', 20143621, 3),
('s4mecardm03', 20150944, 1),
('s4mecardm03', 20120288, 3),
('s4mecardm03', 20126070, 3),
('s4mecardm03', 20133476, 3),
('s4mecardm03', 20135478, 1),
('s4mecardm03', 20155362, 3),
('s4mecardm03', 20124362, 3),
('s4mecardm03', 20130359, 3),
('s4mecardm03', 20133341, 3),
('s4mecardm03', 20143381, 3),
('s4mecardm03', 20131589, 3),
('s4mecardm03', 20132870, 3),
('s4mecardm03', 20143880, 3),
('s4mecardm03', 20146535, 3),
('s4mecardm03', 20131945, 3),
('s4mecardm03', 20153914, 3),
('s4mecardm03', 20145266, 3),
('s4mecardm03', 20134885, 3),
('s4mecardm03', 20125707, 3),
('s4mecardm03', 20136267, 3),
('s4mecardm04', 20131381, 3),
('s4mecardm04', 20124049, 3),
('s4mecardm04', 20143239, 3),
('s4mecardm04', 20142915, 3),
('s4mecardm04', 20130755, 3),
('s4mecardm04', 20121602, 1),
('s4mecardm04', 20120288, 3),
('s4mecardm04', 20130359, 1),
('s4mecardm04', 20133341, 3),
('s4mecardm04', 20131589, 3),
('s4mecardm04', 20132870, 3),
('s4mecardm04', 20143880, 3),
('s4mecardm04', 20134885, 1),
('s4mecardm04', 20125707, 3),
('s4mecardm05', 20142083, 1),
('s4mecardm05', 20154991, 1),
('s4mecardm05', 20121602, 1),
('s4mecardm05', 20150944, 1),
('s4mecardm05', 20120288, 1),
('s4mecardm05', 20133476, 1),
('s4mecardm05', 20135478, 1),
('s4mecardm05', 20155362, 1),
('s4mecardm05', 20131589, 3),
('s4mecardm05', 20153914, 1),
('s4mecardm05', 20145266, 1),
('s5mecaelas03', 20115289, 3),
('s5mecaelas04', 20154790, 3),
('s5mecaelas04', 20123435, 3),
('s5mecaelas04', 20131308, 3),
('s5mecaelas04', 20143885, 3),
('s5mecaelas04', 20125716, 3),
('s5mecaelas04', 20143665, 3),
('s5mecaelas04', 20125872, 3),
('s5mecaelas04', 20134009, 3),
('s5mecaelas04', 20113067, 3),
('s5mecaelas04', 20115289, 3),
('s5mecaelas04', 20122345, 3),
('s5mecaelas04', 20154250, 3),
('s5mecaelas04', 20146510, 3),
('s5mecaelas04', 20114411, 3),
('s5mecaelas04', 20110743, 3),
('s5mecaelas04', 20121059, 3),
('s5mecaelas04', 20154052, 3),
('s5mecaelas04', 20125720, 3),
('s5mecaelas04', 20154122, 3),
('s5mecaelas04', 20146514, 3),
('s5mecaelas04', 20105931, 3),
('s5mecaelas04', 20105790, 3),
('s5mecaelas04', 20105792, 3),
('s5mecaelas04', 20136288, 1),
('s5mecaelas06', 20154790, 3),
('s5mecaelas06', 20131308, 3),
('s5mecaelas06', 20143885, 3),
('s5mecaelas06', 20125716, 3),
('s5mecaelas06', 20143665, 3),
('s5mecaelas06', 20125872, 3),
('s5mecaelas06', 20134009, 1),
('s5mecaelas06', 20113067, 3),
('s5mecaelas06', 20115289, 3),
('s5mecaelas06', 20154250, 3),
('s5mecaelas06', 20110743, 3),
('s5mecaelas06', 20121059, 3),
('s5mecaelas06', 20154052, 3),
('s5mecaelas06', 20125720, 3),
('s5mecaelas06', 20154122, 1),
('s5mecaelas06', 20146514, 1),
('s5mecaelas06', 20105790, 3),
('s5mecaelas06', 20105792, 3),
('s5mecaelas06', 20136288, 1),
('s5mecaelas07', 20154790, 1),
('s5mecaelas07', 20131308, 1),
('s5mecaelas07', 20143885, 2),
('s5mecaelas07', 20125716, 3),
('s5mecaelas07', 20143665, 2),
('s5mecaelas07', 20125872, 1),
('s5mecaelas07', 20115289, 3),
('s5mecaelas07', 20154250, 1),
('s5mecaelas07', 20121059, 2),
('s5mecaelas07', 20154052, 1),
('s5mecaelas07', 20154122, 1),
('s5mecaelas07', 20146514, 1),
('s5mecaelas07', 20105790, 3),
('s5mecaelas07', 20105792, 3),
('s5thermo01', 20154790, 3),
('s5thermo01', 20121892, 3),
('s5thermo01', 20150189, 3),
('s5thermo01', 20123435, 3),
('s5thermo01', 20154137, 3),
('s5thermo01', 20150678, 2),
('s5thermo01', 20125584, 3),
('s5thermo01', 20131308, 3),
('s5thermo01', 20143885, 3),
('s5thermo01', 20152200, 3),
('s5thermo01', 20122370, 2),
('s5thermo01', 20152456, 3),
('s5thermo01', 20145561, 1),
('s5thermo01', 20125716, 3),
('s5thermo01', 20131381, 3),
('s5thermo01', 20133458, 2),
('s5thermo01', 20120427, 3),
('s5thermo01', 20096468, 2),
('s5thermo01', 20143665, 3),
('s5thermo01', 20124049, 3),
('s5thermo01', 20130551, 2),
('s5thermo01', 20145024, 3),
('s5thermo01', 20102474, 3),
('s5thermo01', 20125872, 3),
('s5thermo01', 20134009, 3),
('s5thermo01', 20154394, 3),
('s5thermo01', 20113067, 3),
('s5thermo01', 20115289, 3),
('s5thermo01', 20143239, 3),
('s5thermo01', 20142915, 2),
('s5thermo01', 20152457, 3),
('s5thermo01', 20110749, 3),
('s5thermo01', 20153031, 3),
('s5thermo01', 20111711, 2),
('s5thermo01', 20144533, 3),
('s5thermo01', 20112473, 3),
('s5thermo01', 20122345, 3),
('s5thermo01', 20154250, 2),
('s5thermo01', 20144046, 3),
('s5thermo01', 20130755, 2),
('s5thermo01', 20120288, 2),
('s5thermo01', 20146510, 3),
('s5thermo01', 20114411, 2),
('s5thermo01', 20126070, 3),
('s5thermo01', 20145237, 3),
('s5thermo01', 20110743, 3),
('s5thermo01', 20133623, 3),
('s5thermo01', 20121059, 3),
('s5thermo01', 20124881, 3),
('s5thermo01', 20094668, 3),
('s5thermo01', 20124211, 3),
('s5thermo01', 20154052, 3),
('s5thermo01', 20130359, 3),
('s5thermo01', 20133341, 2),
('s5thermo01', 20143878, 3),
('s5thermo01', 20125720, 2),
('s5thermo01', 20132870, 3),
('s5thermo01', 20143880, 3),
('s5thermo01', 20151611, 2),
('s5thermo01', 20112881, 3),
('s5thermo01', 20154122, 3),
('s5thermo01', 20124934, 3),
('s5thermo01', 20112263, 3),
('s5thermo01', 20135555, 3),
('s5thermo01', 20146007, 3),
('s5thermo01', 20125717, 3),
('s5thermo01', 20134885, 3),
('s5thermo01', 20126067, 3),
('s5thermo01', 20146514, 3),
('s5thermo01', 20125707, 3),
('s5thermo01', 20096066, 3),
('s5thermo01', 20124951, 3),
('s5thermo01', 20105931, 2),
('s5thermo01', 20105790, 3),
('s5thermo01', 20105792, 3),
('s5thermo01', 20136288, 3),
('	s5thermo02', 20154790, 3),
('	s5thermo02', 20125584, 3),
('	s5thermo02', 20131308, 3),
('	s5thermo02', 20152200, 3),
('	s5thermo02', 20131381, 2),
('	s5thermo02', 20096468, 2),
('	s5thermo02', 20154394, 2),
('	s5thermo02', 20152457, 2),
('	s5thermo02', 20130755, 3),
('	s5thermo02', 20146510, 2),
('	s5thermo02', 20126070, 2),
('	s5thermo02', 20154122, 2),
('	s5thermo02', 20134885, 2),
('	s5thermo02', 20126067, 3),
('	s5thermo02', 20146514, 3),
('	s5thermo02', 20125707, 2),
('	s5thermo02', 20136288, 2),
('s5thermo03', 20154790, 3),
('s5thermo03', 20121892, 3),
('s5thermo03', 20150189, 2),
('s5thermo03', 20123435, 3),
('s5thermo03', 20154137, 3),
('s5thermo03', 20150678, 3),
('s5thermo03', 20125584, 3),
('s5thermo03', 20131308, 3),
('s5thermo03', 20143885, 3),
('s5thermo03', 20152200, 3),
('s5thermo03', 20122370, 3),
('s5thermo03', 20152456, 3),
('s5thermo03', 20145561, 3),
('s5thermo03', 20125716, 3),
('s5thermo03', 20131381, 3),
('s5thermo03', 20133458, 3),
('s5thermo03', 20120427, 3),
('s5thermo03', 20096468, 3),
('s5thermo03', 20143665, 2),
('s5thermo03', 20124049, 3),
('s5thermo03', 20130551, 3),
('s5thermo03', 20145024, 3),
('s5thermo03', 20102474, 3),
('s5thermo03', 20125872, 3),
('s5thermo03', 20134009, 3),
('s5thermo03', 20154394, 3),
('s5thermo03', 20113067, 3),
('s5thermo03', 20115289, 3),
('s5thermo03', 20143239, 2),
('s5thermo03', 20142915, 3),
('s5thermo03', 20152457, 3),
('s5thermo03', 20110749, 3),
('s5thermo03', 20153031, 3),
('s5thermo03', 20111711, 1),
('s5thermo03', 20144533, 3),
('s5thermo03', 20112473, 3),
('s5thermo03', 20122345, 3),
('s5thermo03', 20154250, 3),
('s5thermo03', 20144046, 3),
('s5thermo03', 20130755, 3),
('s5thermo03', 20120288, 3),
('s5thermo03', 20146510, 3),
('s5thermo03', 20114411, 1),
('s5thermo03', 20126070, 3),
('s5thermo03', 20145237, 3),
('s5thermo03', 20110743, 3),
('s5thermo03', 20133623, 3),
('s5thermo03', 20121059, 3),
('s5thermo03', 20124881, 3),
('s5thermo03', 20094668, 3),
('s5thermo03', 20124211, 3),
('s5thermo03', 20154052, 3),
('s5thermo03', 20130359, 3),
('s5thermo03', 20133341, 3),
('s5thermo03', 20143878, 1),
('s5thermo03', 20125720, 2),
('s5thermo03', 20132870, 3),
('s5thermo03', 20143880, 3),
('s5thermo03', 20151611, 3),
('s5thermo03', 20112881, 3),
('s5thermo03', 20154122, 3),
('s5thermo03', 20124934, 2),
('s5thermo03', 20112263, 3),
('s5thermo03', 20135555, 3),
('s5thermo03', 20146007, 3),
('s5thermo03', 20125717, 3),
('s5thermo03', 20134885, 3),
('s5thermo03', 20126067, 3),
('s5thermo03', 20146514, 3),
('s5thermo03', 20125707, 3),
('s5thermo03', 20096066, 3),
('s5thermo03', 20124951, 3),
('s5thermo03', 20105931, 2),
('s5thermo03', 20105790, 2),
('s5thermo03', 20105792, 2),
('s5thermo03', 20136288, 3),
('s5thermo04', 20131381, 3),
('s5thermo04', 20146510, 2),
('s5thermo04', 20134885, 2),
('s5thermo04', 20126067, 3),
('s5thermo04', 20146514, 3),
('s5thermo04', 20125707, 3),
('s5thermo04', 20136288, 3),
('s5thermo05', 20125707, 2),
('s5thermo06', 20154790, 3),
('s5thermo06', 20121892, 3),
('s5thermo06', 20150189, 2),
('s5thermo06', 20123435, 2),
('s5thermo06', 20150678, 2),
('s5thermo06', 20125584, 3),
('s5thermo06', 20131308, 3),
('s5thermo06', 20143885, 2),
('s5thermo06', 20143987, 2),
('s5thermo06', 20152200, 3),
('s5thermo06', 20122370, 1),
('s5thermo06', 20152456, 2),
('s5thermo06', 20145561, 2),
('s5thermo06', 20125716, 2),
('s5thermo06', 20131381, 3),
('s5thermo06', 20133458, 3),
('s5thermo06', 20120427, 3),
('s5thermo06', 20096468, 3),
('s5thermo06', 20143665, 2),
('s5thermo06', 20124049, 3),
('s5thermo06', 20130551, 2),
('s5thermo06', 20102474, 3),
('s5thermo06', 20125872, 2),
('s5thermo06', 20134009, 3),
('s5thermo06', 20154394, 3),
('s5thermo06', 20113067, 1),
('s5thermo06', 20115289, 2),
('s5thermo06', 20143239, 3),
('s5thermo06', 20142915, 3),
('s5thermo06', 20152457, 3),
('s5thermo06', 20110749, 3),
('s5thermo06', 20153031, 3),
('s5thermo06', 20111711, 1),
('s5thermo06', 20112473, 3),
('s5thermo06', 20122345, 2),
('s5thermo06', 20144046, 3),
('s5thermo06', 20130755, 3),
('s5thermo06', 20146510, 3),
('s5thermo06', 20114411, 1),
('s5thermo06', 20126070, 3),
('s5thermo06', 20145237, 3),
('s5thermo06', 20110743, 2),
('s5thermo06', 20133623, 1),
('s5thermo06', 20121059, 2),
('s5thermo06', 20124881, 1),
('s5thermo06', 20094668, 1),
('s5thermo06', 20124211, 3),
('s5thermo06', 20154052, 3),
('s5thermo06', 20130359, 2),
('s5thermo06', 20133341, 3),
('s5thermo06', 20143878, 1),
('s5thermo06', 20125720, 2),
('s5thermo06', 20132870, 3),
('s5thermo06', 20143880, 3),
('s5thermo06', 20151611, 2),
('s5thermo06', 20112881, 2),
('s5thermo06', 20154122, 3),
('s5thermo06', 20124934, 2),
('s5thermo06', 20112263, 3),
('s5thermo06', 20135555, 3),
('s5thermo06', 20146007, 2),
('s5thermo06', 20125717, 2),
('s5thermo06', 20134885, 3),
('s5thermo06', 20126067, 3),
('s5thermo06', 20146514, 3),
('s5thermo06', 20125707, 3),
('s5thermo06', 20096066, 2),
('s5thermo06', 20124951, 1),
('s5thermo06', 20105931, 1),
('s5thermo06', 20105790, 1),
('s5thermo06', 20105792, 1),
('s5thermo06', 20136288, 3),
('s5thermo07', 20154790, 3),
('s5thermo07', 20125584, 3),
('s5thermo07', 20131308, 3),
('s5thermo07', 20152200, 2),
('s5thermo07', 20152456, 2),
('s5thermo07', 20131381, 3),
('s5thermo07', 20133458, 3),
('s5thermo07', 20096468, 2),
('s5thermo07', 20124049, 2),
('s5thermo07', 20130551, 3),
('s5thermo07', 20102474, 3),
('s5thermo07', 20134009, 3),
('s5thermo07', 20154394, 3),
('s5thermo07', 20152457, 2),
('s5thermo07', 20110749, 3),
('s5thermo07', 20153031, 3),
('s5thermo07', 20112473, 2),
('s5thermo07', 20144046, 3),
('s5thermo07', 20130755, 3),
('s5thermo07', 20146510, 3),
('s5thermo07', 20126070, 2),
('s5thermo07', 20130359, 3),
('s5thermo07', 20133341, 3),
('s5thermo07', 20132870, 3),
('s5thermo07', 20143880, 3),
('s5thermo07', 20154122, 3),
('s5thermo07', 20112263, 2),
('s5thermo07', 20135555, 3),
('s5thermo07', 20134885, 3),
('s5thermo07', 20126067, 3),
('s5thermo07', 20146514, 3),
('s5thermo07', 20125707, 3),
('s5thermo07', 20136288, 3),
('s6chal01', 20154790, 3),
('s6chal01', 20154137, 1),
('s6chal01', 20131308, 3),
('s6chal01', 20143987, 2),
('s6chal01', 20152200, 2),
('s6chal01', 20145561, 2),
('s6chal01', 20133458, 2),
('s6chal01', 20120427, 2),
('s6chal01', 20125872, 3),
('s6chal01', 20134009, 2),
('s6chal01', 20152457, 3),
('s6chal01', 20144533, 2),
('s6chal01', 20154250, 2),
('s6chal01', 20120288, 2),
('s6chal01', 20146510, 2),
('s6chal01', 20126070, 2),
('s6chal01', 20154052, 2),
('s6chal01', 20130359, 2),
('s6chal01', 20154122, 2),
('s6chal01', 20134885, 2),
('s6chal01', 20126067, 2),
('s6chal01', 20146514, 2),
('s6chal01', 20125707, 3),
('s6chal01', 20136288, 1),
('s6chal02', 20154790, 3),
('s6chal02', 20154137, 2),
('s6chal02', 20131308, 2),
('s6chal02', 20143987, 2),
('s6chal02', 20152200, 2),
('s6chal02', 20145561, 1),
('s6chal02', 20133458, 2),
('s6chal02', 20120427, 2),
('s6chal02', 20125872, 3),
('s6chal02', 20134009, 2),
('s6chal02', 20152457, 2),
('s6chal02', 20144533, 1),
('s6chal02', 20154250, 2),
('s6chal02', 20120288, 2),
('s6chal02', 20146510, 2),
('s6chal02', 20126070, 3),
('s6chal02', 20154052, 2),
('s6chal02', 20130359, 3),
('s6chal02', 20154122, 2),
('s6chal02', 20134885, 3),
('s6chal02', 20126067, 3),
('s6chal02', 20146514, 3),
('s6chal02', 20125707, 3),
('s6chal02', 20136288, 2),
('s6chal03', 20154790, 2),
('s6chal03', 20154137, 2),
('s6chal03', 20131308, 2),
('s6chal03', 20143987, 2),
('s6chal03', 20152200, 3),
('s6chal03', 20145561, 1),
('s6chal03', 20133458, 3),
('s6chal03', 20120427, 2),
('s6chal03', 20125872, 3),
('s6chal03', 20134009, 2),
('s6chal03', 20152457, 2),
('s6chal03', 20144533, 1),
('s6chal03', 20154250, 2),
('s6chal03', 20120288, 2),
('s6chal03', 20146510, 1),
('s6chal03', 20126070, 3),
('s6chal03', 20154052, 2),
('s6chal03', 20130359, 3),
('s6chal03', 20154122, 2),
('s6chal03', 20134885, 3),
('s6chal03', 20126067, 3),
('s6chal03', 20146514, 3),
('s6chal03', 20125707, 3),
('s6chal03', 20136288, 1),
('s6chal04', 20154790, 3),
('s6chal04', 20154137, 2),
('s6chal04', 20131308, 3),
('s6chal04', 20143987, 2),
('s6chal04', 20152200, 3),
('s6chal04', 20145561, 2),
('s6chal04', 20133458, 3),
('s6chal04', 20120427, 3),
('s6chal04', 20125872, 3),
('s6chal04', 20134009, 3),
('s6chal04', 20152457, 2),
('s6chal04', 20144533, 2),
('s6chal04', 20154250, 3),
('s6chal04', 20120288, 3),
('s6chal04', 20146510, 2),
('s6chal04', 20126070, 3),
('s6chal04', 20154052, 3),
('s6chal04', 20130359, 3),
('s6chal04', 20154122, 3),
('s6chal04', 20134885, 3),
('s6chal04', 20126067, 3),
('s6chal04', 20146514, 3),
('s6chal04', 20125707, 3),
('s6chal04', 20136288, 1),
('s6chal05', 20154790, 1),
('s6chal05', 20154137, 1),
('s6chal05', 20131308, 2),
('s6chal05', 20143987, 2),
('s6chal05', 20152200, 2),
('s6chal05', 20145561, 1),
('s6chal05', 20133458, 2),
('s6chal05', 20120427, 2),
('s6chal05', 20125872, 2),
('s6chal05', 20134009, 2),
('s6chal05', 20152457, 2),
('s6chal05', 20144533, 1),
('s6chal05', 20154250, 2),
('s6chal05', 20120288, 2),
('s6chal05', 20146510, 2),
('s6chal05', 20126070, 3),
('s6chal05', 20154052, 2),
('s6chal05', 20130359, 3),
('s6chal05', 20154122, 3),
('s6chal05', 20134885, 3),
('s6chal05', 20126067, 3),
('s6chal05', 20146514, 2),
('s6chal05', 20125707, 3),
('s6chal05', 20136288, 2),
('s6guidonde01', 20154137, 1),
('s6guidonde01', 20125584, 3),
('s6guidonde01', 20131381, 3),
('s6guidonde01', 20133458, 2),
('s6guidonde01', 20120427, 1),
('s6guidonde01', 20124049, 3),
('s6guidonde01', 20102474, 3),
('s6guidonde01', 20154394, 2),
('s6guidonde01', 20143239, 1),
('s6guidonde01', 20142915, 3),
('s6guidonde01', 20152457, 3),
('s6guidonde01', 20110749, 1),
('s6guidonde01', 20153031, 3),
('s6guidonde01', 20144046, 3),
('s6guidonde01', 20130755, 2),
('s6guidonde01', 20120288, 1),
('s6guidonde01', 20126070, 2),
('s6guidonde01', 20124211, 1),
('s6guidonde01', 20130359, 3),
('s6guidonde01', 20133341, 2),
('s6guidonde01', 20132870, 3),
('s6guidonde01', 20143880, 3),
('s6guidonde01', 20112263, 3),
('s6guidonde01', 20135555, 3),
('s6guidonde01', 20134885, 3),
('s6guidonde01', 20126067, 3),
('s6guidonde01', 20125707, 2),
('s6guidonde02', 20154137, 1),
('s6guidonde02', 20125584, 3),
('s6guidonde02', 20131381, 2),
('s6guidonde02', 20133458, 2),
('s6guidonde02', 20120427, 1),
('s6guidonde02', 20124049, 3),
('s6guidonde02', 20102474, 1),
('s6guidonde02', 20154394, 3),
('s6guidonde02', 20143239, 1),
('s6guidonde02', 20142915, 3),
('s6guidonde02', 20152457, 2),
('s6guidonde02', 20110749, 1),
('s6guidonde02', 20153031, 3),
('s6guidonde02', 20144046, 3),
('s6guidonde02', 20130755, 3),
('s6guidonde02', 20120288, 1),
('s6guidonde02', 20126070, 2),
('s6guidonde02', 20124211, 1),
('s6guidonde02', 20130359, 1),
('s6guidonde02', 20133341, 3),
('s6guidonde02', 20132870, 3),
('s6guidonde02', 20143880, 1),
('s6guidonde02', 20112263, 2),
('s6guidonde02', 20135555, 3),
('s6guidonde02', 20134885, 3),
('s6guidonde02', 20126067, 2),
('s6guidonde02', 20125707, 1),
('s6guidonde03', 20154137, 1),
('s6guidonde03', 20125584, 3),
('s6guidonde03', 20131381, 3),
('s6guidonde03', 20133458, 2),
('s6guidonde03', 20120427, 1),
('s6guidonde03', 20124049, 3),
('s6guidonde03', 20102474, 2),
('s6guidonde03', 20154394, 2),
('s6guidonde03', 20143239, 1),
('s6guidonde03', 20142915, 2),
('s6guidonde03', 20152457, 2),
('s6guidonde03', 20110749, 1),
('s6guidonde03', 20153031, 3),
('s6guidonde03', 20144046, 2),
('s6guidonde03', 20130755, 2),
('s6guidonde03', 20120288, 1),
('s6guidonde03', 20126070, 2),
('s6guidonde03', 20124211, 1),
('s6guidonde03', 20130359, 2),
('s6guidonde03', 20133341, 3),
('s6guidonde03', 20132870, 3),
('s6guidonde03', 20143880, 2),
('s6guidonde03', 20112263, 2),
('s6guidonde03', 20135555, 3),
('s6guidonde03', 20134885, 3),
('s6guidonde03', 20126067, 2),
('s6guidonde03', 20125707, 2),
('s6guidonde04', 20154137, 1),
('s6guidonde04', 20125584, 2),
('s6guidonde04', 20131381, 2),
('s6guidonde04', 20133458, 1),
('s6guidonde04', 20120427, 1),
('s6guidonde04', 20124049, 1),
('s6guidonde04', 20102474, 1),
('s6guidonde04', 20154394, 2),
('s6guidonde04', 20143239, 1),
('s6guidonde04', 20142915, 2),
('s6guidonde04', 20152457, 2),
('s6guidonde04', 20110749, 1),
('s6guidonde04', 20153031, 2),
('s6guidonde04', 20144046, 2),
('s6guidonde04', 20130755, 2),
('s6guidonde04', 20120288, 1),
('s6guidonde04', 20126070, 1),
('s6guidonde04', 20124211, 1),
('s6guidonde04', 20130359, 2),
('s6guidonde04', 20133341, 2),
('s6guidonde04', 20132870, 3),
('s6guidonde04', 20143880, 2),
('s6guidonde04', 20112263, 2),
('s6guidonde04', 20135555, 3),
('s6guidonde04', 20134885, 2),
('s6guidonde04', 20126067, 2),
('s6guidonde04', 20125707, 1),
('s6guidonde05', 20154137, 1),
('s6guidonde05', 20125584, 1),
('s6guidonde05', 20131381, 2),
('s6guidonde05', 20133458, 2),
('s6guidonde05', 20120427, 1),
('s6guidonde05', 20124049, 2),
('s6guidonde05', 20102474, 1),
('s6guidonde05', 20154394, 1),
('s6guidonde05', 20143239, 1),
('s6guidonde05', 20142915, 1),
('s6guidonde05', 20152457, 1),
('s6guidonde05', 20110749, 1),
('s6guidonde05', 20153031, 1),
('s6guidonde05', 20144046, 1),
('s6guidonde05', 20130755, 1),
('s6guidonde05', 20120288, 1),
('s6guidonde05', 20126070, 1),
('s6guidonde05', 20124211, 1),
('s6guidonde05', 20130359, 1),
('s6guidonde05', 20133341, 1),
('s6guidonde05', 20132870, 1),
('s6guidonde05', 20143880, 1),
('s6guidonde05', 20112263, 1),
('s6guidonde05', 20135555, 1),
('s6guidonde05', 20134885, 3),
('s6guidonde05', 20126067, 1),
('s6guidonde05', 20125707, 2),
('s7ranmeca01', 20150189, 3),
('s7ranmeca01', 20123435, 3),
('s7ranmeca01', 20150678, 2),
('s7ranmeca01', 20143885, 3),
('s7ranmeca01', 20122370, 2),
('s7ranmeca01', 20125716, 3),
('s7ranmeca01', 20143665, 3),
('s7ranmeca01', 20113067, 3),
('s7ranmeca01', 20115289, 3),
('s7ranmeca01', 20111711, 2),
('s7ranmeca01', 20122345, 3),
('s7ranmeca01', 20114411, 2),
('s7ranmeca01', 20110743, 3),
('s7ranmeca01', 20133623, 3),
('s7ranmeca01', 20121059, 3),
('s7ranmeca01', 20124881, 3),
('s7ranmeca01', 20094668, 3),
('s7ranmeca01', 20143878, 3),
('s7ranmeca01', 20125720, 2),
('s7ranmeca01', 20151611, 2),
('s7ranmeca01', 20112881, 3),
('s7ranmeca01', 20124934, 3),
('s7ranmeca01', 20146007, 3),
('s7ranmeca01', 20125717, 3),
('s7ranmeca01', 20096066, 3),
('s7ranmeca01', 20124951, 3),
('s7ranmeca01', 20105931, 2),
('s7ranmeca01', 20105790, 3),
('s7ranmeca01', 20105792, 3),
('s7ranmeca02', 20150189, 2),
('s7ranmeca02', 20123435, 3),
('s7ranmeca02', 20150678, 3),
('s7ranmeca02', 20143885, 3),
('s7ranmeca02', 20122370, 3),
('s7ranmeca02', 20125716, 3),
('s7ranmeca02', 20143665, 2),
('s7ranmeca02', 20113067, 3),
('s7ranmeca02', 20115289, 3),
('s7ranmeca02', 20111711, 1),
('s7ranmeca02', 20122345, 3),
('s7ranmeca02', 20114411, 1),
('s7ranmeca02', 20110743, 3),
('s7ranmeca02', 20133623, 3),
('s7ranmeca02', 20121059, 3),
('s7ranmeca02', 20124881, 3),
('s7ranmeca02', 20094668, 3),
('s7ranmeca02', 20143878, 1),
('s7ranmeca02', 20125720, 2),
('s7ranmeca02', 20151611, 3),
('s7ranmeca02', 20112881, 3),
('s7ranmeca02', 20124934, 2),
('s7ranmeca02', 20146007, 3),
('s7ranmeca02', 20125717, 3),
('s7ranmeca02', 20096066, 3),
('s7ranmeca02', 20124951, 3),
('s7ranmeca02', 20105931, 2),
('s7ranmeca02', 20105790, 2),
('s7ranmeca02', 20105792, 2),
('s7ranmeca03', 20150189, 2),
('s7ranmeca03', 20123435, 2),
('s7ranmeca03', 20150678, 2),
('s7ranmeca03', 20143885, 2),
('s7ranmeca03', 20122370, 1),
('s7ranmeca03', 20125716, 2),
('s7ranmeca03', 20143665, 2),
('s7ranmeca03', 20113067, 1),
('s7ranmeca03', 20115289, 2),
('s7ranmeca03', 20111711, 1),
('s7ranmeca03', 20122345, 2),
('s7ranmeca03', 20114411, 1),
('s7ranmeca03', 20110743, 2),
('s7ranmeca03', 20133623, 1),
('s7ranmeca03', 20121059, 2),
('s7ranmeca03', 20124881, 1),
('s7ranmeca03', 20094668, 1),
('s7ranmeca03', 20143878, 1),
('s7ranmeca03', 20125720, 2),
('s7ranmeca03', 20151611, 2),
('s7ranmeca03', 20112881, 2),
('s7ranmeca03', 20124934, 2),
('s7ranmeca03', 20146007, 2),
('s7ranmeca03', 20125717, 2),
('s7ranmeca03', 20096066, 2),
('s7ranmeca03', 20124951, 1),
('s7ranmeca03', 20105931, 1),
('s7ranmeca03', 20105790, 1),
('s7ranmeca03', 20105792, 1);

-- --------------------------------------------------------

--
-- Структура таблицы `CompParent`
--

CREATE TABLE IF NOT EXISTS `CompParent` (
  `CompParent_Son` varchar(12) NOT NULL,
  `CompParent_Father` varchar(12) NOT NULL,
  KEY `CompParent_Son` (`CompParent_Son`),
  KEY `CompParent_Father` (`CompParent_Father`)
) ENGINE=InnoDB DEFAULT CHARSET=utf8 COMMENT='CodeId1 - son, CodeId2 - Parent';

--
-- Дамп данных таблицы `CompParent`
--

INSERT INTO `CompParent` (`CompParent_Son`, `CompParent_Father`) VALUES
('s1prmael02', 's1prmael01'),
('s1prmael03', 's1prmael02'),
('s1projacou02', 's1projacou01'),
('s2baseinst01', 's1projacou01'),
('s2baseinst02', 's1projacou01'),
('s2baseinst03', 's1projacou01'),
('s2baseinst04', 's2baseinst01'),
('s3acouphys02', 's3acouphys01'),
('s3acouphys03', 's3acouphys01'),
('s3acouphys04', 's3acouphys02'),
('s3mecarigi02', 's3mecarigi01'),
('s3mecarigi04', 's3mecarigi06'),
('s3mecarigi05', 's3mecarigi04'),
('s3mecarigi06', 's3mecarigi04'),
('s3mecarigi07', 's3mecarigi06'),
('s3mecarigi08', 's3mecarigi07'),
('s4elecacou01', 's1prmael01'),
('s4elecacou02', 's4elecacou01'),
('s4elecacou03', 's1projacou01'),
('s4elecacou04', 's1projacou01'),
('s4elecacou05', 's1prmael02'),
('s4mecardm02', 's4mecardm03'),
('s4mecardm03', 's3mecarigi02'),
('s4mecardm04', 's4mecardm03'),
('s4mecardm05', 's4mecardm04'),
('s5mecaelas03', 's5mecaelas06'),
('s5mecaelas04', 's3mathnume01'),
('s5mecaelas06', 's5mecaelas07'),
('s5mecaelas07', 's5mecaelas04'),
('s5ranmeca02', 's3mecarigi07'),
('s5ranmeca03', 's3mecarigi08'),
('s5ranmeca04', 's5ranmeca05'),
('s5thermo02', 's5thermo03'),
('s5thermo03', 's5thermo01'),
('s5thermo07', 's5thermo03'),
('s6chal01', 's6chal02'),
('s6chal02', 's6chal03'),
('s6chal03', 's6chal02'),
('s6chal05', 's6chal02'),
('s6elecacou01', 's4elecacou01'),
('s6guidonde01', 's3acouphys02'),
('s6guidonde02', 's6guidonde01'),
('s6guidonde03', 's6guidonde01'),
('s6guidonde04', 's6guidonde01'),
('s6guidonde05', 's6guidonde03'),
('s6guidonde06', 's6guidonde02'),
('s7ranmeca01', 's3mecarigi06'),
('s7ranmeca02', 's7ranmeca01'),
('s7ranmeca03', 's7ranmeca02'),
('s1projacou02', 's1prmael02'),
('s2baseinst02', 's1prmael03'),
('s2baseinst04', 's2baseinst02'),
('s3mecarigi02', 's3mecarigi03'),
('s3mecarigi06', 's3mecarigi01'),
('s4elecacou02', 's2baseinst01'),
('s4elecacou03', 's4elecacou02'),
('s4elecacou04', 's4elecacou01'),
('s4elecacou05', 's4elecacou01'),
('s5mecaelas03', 's5mecaelas07'),
('s5mecaelas04', 's3mecarigi04'),
('s5ranmeca03', 's5ranmeca02'),
('s5thermo02', 's5thermo04'),
('s5thermo07', 's5thermo06'),
('s6chal01', 's6chal05'),
('s6chal03', 's6chal04'),
('s6guidonde04', 's6guidonde03'),
('s6guidonde05', 's6guidonde02'),
('s2baseinst04', 's2baseinst03'),
('s4elecacou04', 's2baseinst02'),
('s5mecaelas03', 's5mecaelas05'),
('s5thermo02', 's5thermo05'),
('s5thermo07', 's5thermo04'),
('s6guidonde04', 's3acouphys03'),
('s2baseinst04', 's1projacou02'),
('s5thermo07', 's5thermo05');

-- --------------------------------------------------------

--
-- Структура таблицы `CompResp`
--

CREATE TABLE IF NOT EXISTS `CompResp` (
  `CompResp_CompCode` varchar(12) NOT NULL,
  `CompResp_ProfId` int(2) NOT NULL,
  KEY `CompResp_CompCode` (`CompResp_CompCode`),
  KEY `CompResp_ProfId` (`CompResp_ProfId`)
) ENGINE=InnoDB DEFAULT CHARSET=utf8;

--
-- Дамп данных таблицы `CompResp`
--

INSERT INTO `CompResp` (`CompResp_CompCode`, `CompResp_ProfId`) VALUES
('s6chal01', 13),
('s5thermo06', 12),
('s5thermo05', 12),
('s5thermo04', 12),
('s5thermo03', 12),
('s5mecaelas07', 8),
('s5thermo02', 12),
('s5ranmeca05', 7),
('s5ranmeca04', 7),
('s5ranmeca02', 8),
('s5mecaelas07', 10),
('s5ranmeca01', 8),
('s5ranmeca02', 7),
('s5ranmeca03', 7),
('s7ranmeca03', 15),
('s7ranmeca02', 15),
('s7ranmeca01', 15),
('s6guidonde06', 3),
('s6guidonde05', 3),
('s6guidonde04', 3),
('s6guidonde03', 3),
('s6guidonde02', 3),
('s6guidonde01', 3),
('s2baseinst03', 11),
('s6elecacou03', 14),
('s2baseinst02', 11),
('s6elecacou02', 14),
('s2baseinst01', 11),
('s6elecacou01', 14),
('s6chal05', 13),
('s6chal04', 13),
('s6chal03', 13),
('s2baseinst04', 11),
('s6chal02', 13),
('s5mecaelas04', 8),
('s5thermo07', 12),
('s5mecaelas06', 8),
('s5thermo01', 12),
('s5mecaelas05', 8),
('s5ranmeca01', 7),
('s5mecaelas06', 10),
('s5ranmeca03', 8),
('s5mecaelas05', 10),
('s5ranmeca04', 8),
('s5mecaelas04', 10),
('s5ranmeca05', 8),
('s5mecaelas03', 10),
('s4mecardm05', 10),
('s4mecardm04', 10),
('s4mecardm03', 10),
('s4mecardm02', 10),
('s4mecardm01', 10),
('s4elecacou05', 9),
('s4elecacou04', 9),
('s4elecacou03', 9),
('s4elecacou02', 9),
('s4elecacou01', 9),
('s3mecarigi08', 7),
('s3mecarigi07', 7),
('s3mecarigi06', 7),
('s3mecarigi05', 7),
('s3mecarigi04', 7),
('s3mecarigi03', 8),
('s3mecarigi02', 7),
('s3mecarigi01', 7),
('s3mathnume01', 6),
('s3acouphys04', 5),
('s3acouphys03', 5),
('s3acouphys02', 5),
('s3acouphys01', 5),
('s4mecardm01', 8),
('s2baseinst04', 4),
('s4mecardm02', 8),
('s4mecardm03', 8),
('s2baseinst03', 4),
('s4mecardm04', 8),
('s2baseinst02', 4),
('s4mecardm05', 8),
('s5mecaelas03', 8),
('s2baseinst01', 4),
('s2mecaflui01', 3),
('s1projacou02', 2),
('s1projacou01', 2),
('s1prmael03', 1),
('s1prmael02', 1),
('s1prmael01', 1);

-- --------------------------------------------------------

--
-- Структура таблицы `Cours`
--

CREATE TABLE IF NOT EXISTS `Cours` (
  `Cours_id` int(3) NOT NULL DEFAULT '0',
  `Cours_nom` varchar(50) NOT NULL,
  `Cours_lien` varchar(100) DEFAULT NULL,
  `Cours_desc` varchar(250) DEFAULT NULL,
  PRIMARY KEY (`Cours_id`),
  UNIQUE KEY `Cours_id` (`Cours_id`),
  KEY `Cours_id_2` (`Cours_id`)
) ENGINE=InnoDB DEFAULT CHARSET=utf8;

--
-- Дамп данных таблицы `Cours`
--

INSERT INTO `Cours` (`Cours_id`, `Cours_nom`, `Cours_lien`, `Cours_desc`) VALUES
(1, 'Projet MathElec', NULL, NULL),
(2, 'Projet Acoustique', NULL, NULL),
(3, 'Mécanique des fluides', NULL, NULL),
(4, 'Bases de l''instrumentation', NULL, NULL),
(5, 'Acoustique Physique 1', NULL, NULL),
(6, 'Méthode Numérique', NULL, NULL),
(7, 'Mécanique du point', NULL, NULL),
(8, 'Électroacoustique 1', NULL, NULL),
(9, 'Résistance des matériaux', NULL, NULL),
(10, 'Élasticité 2', NULL, NULL),
(11, 'RAN méca', NULL, NULL),
(12, 'Thermodynamique', NULL, NULL),
(13, 'Thermique', NULL, NULL),
(14, 'Électroacoustique 2', NULL, NULL),
(15, 'Guide d''ondes', NULL, NULL),
(16, 'RAN mécanique', NULL, NULL);

-- --------------------------------------------------------

--
-- Структура таблицы `CoursEtud`
--

CREATE TABLE IF NOT EXISTS `CoursEtud` (
  `CoursEtud_CoursId` int(3) DEFAULT NULL,
  `CoursEtud_EtudiantId` int(8) NOT NULL,
  KEY `CoursEtud_CoursId` (`CoursEtud_CoursId`),
  KEY `CoursEtud_EtudiantId` (`CoursEtud_EtudiantId`)
) ENGINE=InnoDB DEFAULT CHARSET=utf8;

--
-- Дамп данных таблицы `CoursEtud`
--

INSERT INTO `CoursEtud` (`CoursEtud_CoursId`, `CoursEtud_EtudiantId`) VALUES
(2, 20150933),
(2, 20151050),
(2, 20142870),
(2, 20151177),
(2, 20151094),
(2, 20153511),
(2, 20154869),
(2, 20151938),
(2, 20151070),
(2, 20150789),
(2, 20146474),
(2, 20151628),
(2, 20150933),
(2, 20151050),
(2, 20142870),
(2, 20151177),
(2, 20151094),
(2, 20153511),
(2, 20154869),
(2, 20151938),
(2, 20151070),
(2, 20150789),
(2, 20146474),
(2, 20151628),
(5, 20140676),
(5, 20154686),
(5, 20152174),
(5, 20141226),
(5, 20140498),
(5, 20154251),
(5, 20141738),
(5, 20096468),
(5, 20152178),
(5, 20144278),
(5, 20142083),
(5, 20140475),
(5, 20154991),
(5, 20142774),
(5, 20141528),
(5, 20140711),
(5, 20142274),
(5, 20142339),
(5, 20143416),
(5, 20143621),
(5, 20150944),
(5, 20133476),
(5, 20135478),
(5, 20155362),
(5, 20131941),
(5, 20124362),
(5, 20104004),
(5, 20143381),
(5, 20131589),
(5, 20133031),
(5, 20146535),
(5, 20131945),
(5, 20132942),
(5, 20153914),
(5, 20145266),
(5, 20136267),
(5, 20140676),
(5, 20154686),
(5, 20152174),
(5, 20141226),
(5, 20140498),
(5, 20154251),
(5, 20141738),
(5, 20096468),
(5, 20152178),
(5, 20144278),
(5, 20142083),
(5, 20140475),
(5, 20154991),
(5, 20142774),
(5, 20141528),
(5, 20140711),
(5, 20142274),
(5, 20142339),
(5, 20143416),
(5, 20143621),
(5, 20150944),
(5, 20133476),
(5, 20135478),
(5, 20155362),
(5, 20131941),
(5, 20124362),
(5, 20104004),
(5, 20143381),
(5, 20131589),
(5, 20133031),
(5, 20146535),
(5, 20131945),
(5, 20132942),
(5, 20153914),
(5, 20145266),
(5, 20136267),
(5, 20140676),
(5, 20154686),
(5, 20152174),
(5, 20141226),
(5, 20140498),
(5, 20154251),
(5, 20141738),
(5, 20096468),
(5, 20152178),
(5, 20144278),
(5, 20142083),
(5, 20140475),
(5, 20154991),
(5, 20142774),
(5, 20141528),
(5, 20140711),
(5, 20142274),
(5, 20142339),
(5, 20143416),
(5, 20143621),
(5, 20150944),
(5, 20133476),
(5, 20135478),
(5, 20155362),
(5, 20131941),
(5, 20124362),
(5, 20104004),
(5, 20143381),
(5, 20131589),
(5, 20133031),
(5, 20146535),
(5, 20131945),
(5, 20132942),
(5, 20153914),
(5, 20145266),
(5, 20136267),
(5, 20140676),
(5, 20154686),
(5, 20152174),
(5, 20141226),
(5, 20140498),
(5, 20154251),
(5, 20141738),
(5, 20096468),
(5, 20152178),
(5, 20144278),
(5, 20142083),
(5, 20140475),
(5, 20154991),
(5, 20142774),
(5, 20141528),
(5, 20140711),
(5, 20142274),
(5, 20142339),
(5, 20143416),
(5, 20143621),
(5, 20150944),
(5, 20133476),
(5, 20135478),
(5, 20155362),
(5, 20131941),
(5, 20124362),
(5, 20104004),
(5, 20143381),
(5, 20131589),
(5, 20133031),
(5, 20146535),
(5, 20131945),
(5, 20132942),
(5, 20153914),
(5, 20145266),
(5, 20136267),
(6, 20154790),
(6, 20123435),
(6, 20131308),
(6, 20143885),
(6, 20125716),
(6, 20143665),
(6, 20125872),
(6, 20134009),
(6, 20113067),
(6, 20115289),
(6, 20122345),
(6, 20154250),
(6, 20146510),
(6, 20114411),
(6, 20110743),
(6, 20121059),
(6, 20154052),
(6, 20125720),
(6, 20154122),
(6, 20146514),
(6, 20105931),
(6, 20105790),
(6, 20105792),
(8, 20140676),
(8, 20154686),
(8, 20141226),
(8, 20140498),
(8, 20154251),
(8, 20141738),
(8, 20152178),
(8, 20144278),
(8, 20130551),
(8, 20102474),
(8, 20142083),
(8, 20140475),
(8, 20154991),
(8, 20110749),
(8, 20141528),
(8, 20140711),
(8, 20142274),
(8, 20142339),
(8, 20143416),
(8, 20143621),
(8, 20150944),
(8, 20133476),
(8, 20135478),
(8, 20155362),
(8, 20124362),
(8, 20143381),
(8, 20131589),
(8, 20146535),
(8, 20131945),
(8, 20153914),
(8, 20145266),
(8, 20136267),
(8, 20140676),
(8, 20154686),
(8, 20141226),
(8, 20140498),
(8, 20154251),
(8, 20141738),
(8, 20152178),
(8, 20144278),
(8, 20130551),
(8, 20102474),
(8, 20142083),
(8, 20140475),
(8, 20154991),
(8, 20110749),
(8, 20141528),
(8, 20140711),
(8, 20142274),
(8, 20142339),
(8, 20143416),
(8, 20143621),
(8, 20150944),
(8, 20133476),
(8, 20135478),
(8, 20155362),
(8, 20124362),
(8, 20143381),
(8, 20131589),
(8, 20146535),
(8, 20131945),
(8, 20153914),
(8, 20145266),
(8, 20136267),
(8, 20140676),
(8, 20154686),
(8, 20141226),
(8, 20140498),
(8, 20154251),
(8, 20141738),
(8, 20152178),
(8, 20144278),
(8, 20130551),
(8, 20102474),
(8, 20142083),
(8, 20140475),
(8, 20154991),
(8, 20110749),
(8, 20141528),
(8, 20140711),
(8, 20142274),
(8, 20142339),
(8, 20143416),
(8, 20143621),
(8, 20150944),
(8, 20133476),
(8, 20135478),
(8, 20155362),
(8, 20124362),
(8, 20143381),
(8, 20131589),
(8, 20146535),
(8, 20131945),
(8, 20153914),
(8, 20145266),
(8, 20136267),
(8, 20140676),
(8, 20154686),
(8, 20141226),
(8, 20140498),
(8, 20154251),
(8, 20141738),
(8, 20152178),
(8, 20144278),
(8, 20130551),
(8, 20102474),
(8, 20142083),
(8, 20140475),
(8, 20154991),
(8, 20110749),
(8, 20141528),
(8, 20140711),
(8, 20142274),
(8, 20142339),
(8, 20143416),
(8, 20143621),
(8, 20150944),
(8, 20133476),
(8, 20135478),
(8, 20155362),
(8, 20124362),
(8, 20143381),
(8, 20131589),
(8, 20146535),
(8, 20131945),
(8, 20153914),
(8, 20145266),
(8, 20136267),
(8, 20140676),
(8, 20154686),
(8, 20141226),
(8, 20140498),
(8, 20154251),
(8, 20141738),
(8, 20152178),
(8, 20144278),
(8, 20130551),
(8, 20102474),
(8, 20142083),
(8, 20140475),
(8, 20154991),
(8, 20110749),
(8, 20141528),
(8, 20140711),
(8, 20142274),
(8, 20142339),
(8, 20143416),
(8, 20143621),
(8, 20150944),
(8, 20133476),
(8, 20135478),
(8, 20155362),
(8, 20124362),
(8, 20143381),
(8, 20131589),
(8, 20146535),
(8, 20131945),
(8, 20153914),
(8, 20145266),
(8, 20136267),
(9, 20140676),
(9, 20154686),
(9, 20141738),
(9, 20152178),
(9, 20144278),
(9, 20142083),
(9, 20154991),
(9, 20141528),
(9, 20143416),
(9, 20121602),
(9, 20143621),
(9, 20150944),
(9, 20135478),
(9, 20155362),
(9, 20124362),
(9, 20143381),
(9, 20131945),
(9, 20153914),
(9, 20145266),
(9, 20140676),
(9, 20154686),
(9, 20141226),
(9, 20140498),
(9, 20141738),
(9, 20152178),
(9, 20144278),
(9, 20142083),
(9, 20140475),
(9, 20154991),
(9, 20141528),
(9, 20142274),
(9, 20142339),
(9, 20143416),
(9, 20143621),
(9, 20150944),
(9, 20133476),
(9, 20135478),
(9, 20155362),
(9, 20124362),
(9, 20143381),
(9, 20146535),
(9, 20131945),
(9, 20153914),
(9, 20145266),
(9, 20136267),
(9, 20140676),
(9, 20154686),
(9, 20130493),
(9, 20141226),
(9, 20140498),
(9, 20154251),
(9, 20131381),
(9, 20141738),
(9, 20152178),
(9, 20144278),
(9, 20124049),
(9, 20130551),
(9, 20142083),
(9, 20140475),
(9, 20154991),
(9, 20143239),
(9, 20142915),
(9, 20141528),
(9, 20140711),
(9, 20142274),
(9, 20142339),
(9, 20143416),
(9, 20130755),
(9, 20121602),
(9, 20143621),
(9, 20150944),
(9, 20120288),
(9, 20126070),
(9, 20133476),
(9, 20135478),
(9, 20155362),
(9, 20124362),
(9, 20130359),
(9, 20133341),
(9, 20143381),
(9, 20131589),
(9, 20132870),
(9, 20143880),
(9, 20146535),
(9, 20131945),
(9, 20153914),
(9, 20145266),
(9, 20134885),
(9, 20125707),
(9, 20136267),
(9, 20131381),
(9, 20124049),
(9, 20143239),
(9, 20142915),
(9, 20130755),
(9, 20121602),
(9, 20120288),
(9, 20130359),
(9, 20133341),
(9, 20131589),
(9, 20132870),
(9, 20143880),
(9, 20134885),
(9, 20125707),
(9, 20142083),
(9, 20154991),
(9, 20121602),
(9, 20150944),
(9, 20120288),
(9, 20133476),
(9, 20135478),
(9, 20155362),
(9, 20131589),
(9, 20153914),
(9, 20145266),
(10, 20115289),
(10, 20154790),
(10, 20123435),
(10, 20131308),
(10, 20143885),
(10, 20125716),
(10, 20143665),
(10, 20125872),
(10, 20134009),
(10, 20113067),
(10, 20115289),
(10, 20122345),
(10, 20154250),
(10, 20146510),
(10, 20114411),
(10, 20110743),
(10, 20121059),
(10, 20154052),
(10, 20125720),
(10, 20154122),
(10, 20146514),
(10, 20105931),
(10, 20105790),
(10, 20105792),
(10, 20136288),
(10, 20154790),
(10, 20131308),
(10, 20143885),
(10, 20125716),
(10, 20143665),
(10, 20125872),
(10, 20134009),
(10, 20113067),
(10, 20115289),
(10, 20154250),
(10, 20110743),
(10, 20121059),
(10, 20154052),
(10, 20125720),
(10, 20154122),
(10, 20146514),
(10, 20105790),
(10, 20105792),
(10, 20136288),
(10, 20154790),
(10, 20131308),
(10, 20143885),
(10, 20125716),
(10, 20143665),
(10, 20125872),
(10, 20115289),
(10, 20154250),
(10, 20121059),
(10, 20154052),
(10, 20154122),
(10, 20146514),
(10, 20105790),
(10, 20105792),
(12, 20154790),
(12, 20121892),
(12, 20150189),
(12, 20123435),
(12, 20154137),
(12, 20150678),
(12, 20125584),
(12, 20131308),
(12, 20143885),
(12, 20152200),
(12, 20122370),
(12, 20152456),
(12, 20145561),
(12, 20125716),
(12, 20131381),
(12, 20133458),
(12, 20120427),
(12, 20096468),
(12, 20143665),
(12, 20124049),
(12, 20130551),
(12, 20145024),
(12, 20102474),
(12, 20125872),
(12, 20134009),
(12, 20154394),
(12, 20113067),
(12, 20115289),
(12, 20143239),
(12, 20142915),
(12, 20152457),
(12, 20110749),
(12, 20153031),
(12, 20111711),
(12, 20144533),
(12, 20112473),
(12, 20122345),
(12, 20154250),
(12, 20144046),
(12, 20130755),
(12, 20120288),
(12, 20146510),
(12, 20114411),
(12, 20126070),
(12, 20145237),
(12, 20110743),
(12, 20133623),
(12, 20121059),
(12, 20124881),
(12, 20094668),
(12, 20124211),
(12, 20154052),
(12, 20130359),
(12, 20133341),
(12, 20143878),
(12, 20125720),
(12, 20132870),
(12, 20143880),
(12, 20151611),
(12, 20112881),
(12, 20154122),
(12, 20124934),
(12, 20112263),
(12, 20135555),
(12, 20146007),
(12, 20125717),
(12, 20134885),
(12, 20126067),
(12, 20146514),
(12, 20125707),
(12, 20096066),
(12, 20124951),
(12, 20105931),
(12, 20105790),
(12, 20105792),
(12, 20136288),
(12, 20154790),
(12, 20121892),
(12, 20150189),
(12, 20123435),
(12, 20154137),
(12, 20150678),
(12, 20125584),
(12, 20131308),
(12, 20143885),
(12, 20152200),
(12, 20122370),
(12, 20152456),
(12, 20145561),
(12, 20125716),
(12, 20131381),
(12, 20133458),
(12, 20120427),
(12, 20096468),
(12, 20143665),
(12, 20124049),
(12, 20130551),
(12, 20145024),
(12, 20102474),
(12, 20125872),
(12, 20134009),
(12, 20154394),
(12, 20113067),
(12, 20115289),
(12, 20143239),
(12, 20142915),
(12, 20152457),
(12, 20110749),
(12, 20153031),
(12, 20111711),
(12, 20144533),
(12, 20112473),
(12, 20122345),
(12, 20154250),
(12, 20144046),
(12, 20130755),
(12, 20120288),
(12, 20146510),
(12, 20114411),
(12, 20126070),
(12, 20145237),
(12, 20110743),
(12, 20133623),
(12, 20121059),
(12, 20124881),
(12, 20094668),
(12, 20124211),
(12, 20154052),
(12, 20130359),
(12, 20133341),
(12, 20143878),
(12, 20125720),
(12, 20132870),
(12, 20143880),
(12, 20151611),
(12, 20112881),
(12, 20154122),
(12, 20124934),
(12, 20112263),
(12, 20135555),
(12, 20146007),
(12, 20125717),
(12, 20134885),
(12, 20126067),
(12, 20146514),
(12, 20125707),
(12, 20096066),
(12, 20124951),
(12, 20105931),
(12, 20105790),
(12, 20105792),
(12, 20136288),
(12, 20131381),
(12, 20146510),
(12, 20134885),
(12, 20126067),
(12, 20146514),
(12, 20125707),
(12, 20136288),
(12, 20125707),
(12, 20154790),
(12, 20121892),
(12, 20150189),
(12, 20123435),
(12, 20150678),
(12, 20125584),
(12, 20131308),
(12, 20143885),
(12, 20143987),
(12, 20152200),
(12, 20122370),
(12, 20152456),
(12, 20145561),
(12, 20125716),
(12, 20131381),
(12, 20133458),
(12, 20120427),
(12, 20096468),
(12, 20143665),
(12, 20124049),
(12, 20130551),
(12, 20102474),
(12, 20125872),
(12, 20134009),
(12, 20154394),
(12, 20113067),
(12, 20115289),
(12, 20143239),
(12, 20142915),
(12, 20152457),
(12, 20110749),
(12, 20153031),
(12, 20111711),
(12, 20112473),
(12, 20122345),
(12, 20144046),
(12, 20130755),
(12, 20146510),
(12, 20114411),
(12, 20126070),
(12, 20145237),
(12, 20110743),
(12, 20133623),
(12, 20121059),
(12, 20124881),
(12, 20094668),
(12, 20124211),
(12, 20154052),
(12, 20130359),
(12, 20133341),
(12, 20143878),
(12, 20125720),
(12, 20132870),
(12, 20143880),
(12, 20151611),
(12, 20112881),
(12, 20154122),
(12, 20124934),
(12, 20112263),
(12, 20135555),
(12, 20146007),
(12, 20125717),
(12, 20134885),
(12, 20126067),
(12, 20146514),
(12, 20125707),
(12, 20096066),
(12, 20124951),
(12, 20105931),
(12, 20105790),
(12, 20105792),
(12, 20136288),
(12, 20154790),
(12, 20125584),
(12, 20131308),
(12, 20152200),
(12, 20152456),
(12, 20131381),
(12, 20133458),
(12, 20096468),
(12, 20124049),
(12, 20130551),
(12, 20102474),
(12, 20134009),
(12, 20154394),
(12, 20152457),
(12, 20110749),
(12, 20153031),
(12, 20112473),
(12, 20144046),
(12, 20130755),
(12, 20146510),
(12, 20126070),
(12, 20130359),
(12, 20133341),
(12, 20132870),
(12, 20143880),
(12, 20154122),
(12, 20112263),
(12, 20135555),
(12, 20134885),
(12, 20126067),
(12, 20146514),
(12, 20125707),
(12, 20136288),
(13, 20154790),
(13, 20154137),
(13, 20131308),
(13, 20143987),
(13, 20152200),
(13, 20145561),
(13, 20133458),
(13, 20120427),
(13, 20125872),
(13, 20134009),
(13, 20152457),
(13, 20144533),
(13, 20154250),
(13, 20120288),
(13, 20146510),
(13, 20126070),
(13, 20154052),
(13, 20130359),
(13, 20154122),
(13, 20134885),
(13, 20126067),
(13, 20146514),
(13, 20125707),
(13, 20136288),
(13, 20154790),
(13, 20154137),
(13, 20131308),
(13, 20143987),
(13, 20152200),
(13, 20145561),
(13, 20133458),
(13, 20120427),
(13, 20125872),
(13, 20134009),
(13, 20152457),
(13, 20144533),
(13, 20154250),
(13, 20120288),
(13, 20146510),
(13, 20126070),
(13, 20154052),
(13, 20130359),
(13, 20154122),
(13, 20134885),
(13, 20126067),
(13, 20146514),
(13, 20125707),
(13, 20136288),
(13, 20154790),
(13, 20154137),
(13, 20131308),
(13, 20143987),
(13, 20152200),
(13, 20145561),
(13, 20133458),
(13, 20120427),
(13, 20125872),
(13, 20134009),
(13, 20152457),
(13, 20144533),
(13, 20154250),
(13, 20120288),
(13, 20146510),
(13, 20126070),
(13, 20154052),
(13, 20130359),
(13, 20154122),
(13, 20134885),
(13, 20126067),
(13, 20146514),
(13, 20125707),
(13, 20136288),
(13, 20154790),
(13, 20154137),
(13, 20131308),
(13, 20143987),
(13, 20152200),
(13, 20145561),
(13, 20133458),
(13, 20120427),
(13, 20125872),
(13, 20134009),
(13, 20152457),
(13, 20144533),
(13, 20154250),
(13, 20120288),
(13, 20146510),
(13, 20126070),
(13, 20154052),
(13, 20130359),
(13, 20154122),
(13, 20134885),
(13, 20126067),
(13, 20146514),
(13, 20125707),
(13, 20136288),
(13, 20154790),
(13, 20154137),
(13, 20131308),
(13, 20143987),
(13, 20152200),
(13, 20145561),
(13, 20133458),
(13, 20120427),
(13, 20125872),
(13, 20134009),
(13, 20152457),
(13, 20144533),
(13, 20154250),
(13, 20120288),
(13, 20146510),
(13, 20126070),
(13, 20154052),
(13, 20130359),
(13, 20154122),
(13, 20134885),
(13, 20126067),
(13, 20146514),
(13, 20125707),
(13, 20136288),
(15, 20154137),
(15, 20125584),
(15, 20131381),
(15, 20133458),
(15, 20120427),
(15, 20124049),
(15, 20102474),
(15, 20154394),
(15, 20143239),
(15, 20142915),
(15, 20152457),
(15, 20110749),
(15, 20153031),
(15, 20144046),
(15, 20130755),
(15, 20120288),
(15, 20126070),
(15, 20124211),
(15, 20130359),
(15, 20133341),
(15, 20132870),
(15, 20143880),
(15, 20112263),
(15, 20135555),
(15, 20134885),
(15, 20126067),
(15, 20125707),
(15, 20154137),
(15, 20125584),
(15, 20131381),
(15, 20133458),
(15, 20120427),
(15, 20124049),
(15, 20102474),
(15, 20154394),
(15, 20143239),
(15, 20142915),
(15, 20152457),
(15, 20110749),
(15, 20153031),
(15, 20144046),
(15, 20130755),
(15, 20120288),
(15, 20126070),
(15, 20124211),
(15, 20130359),
(15, 20133341),
(15, 20132870),
(15, 20143880),
(15, 20112263),
(15, 20135555),
(15, 20134885),
(15, 20126067),
(15, 20125707),
(15, 20154137),
(15, 20125584),
(15, 20131381),
(15, 20133458),
(15, 20120427),
(15, 20124049),
(15, 20102474),
(15, 20154394),
(15, 20143239),
(15, 20142915),
(15, 20152457),
(15, 20110749),
(15, 20153031),
(15, 20144046),
(15, 20130755),
(15, 20120288),
(15, 20126070),
(15, 20124211),
(15, 20130359),
(15, 20133341),
(15, 20132870),
(15, 20143880),
(15, 20112263),
(15, 20135555),
(15, 20134885),
(15, 20126067),
(15, 20125707),
(15, 20154137),
(15, 20125584),
(15, 20131381),
(15, 20133458),
(15, 20120427),
(15, 20124049),
(15, 20102474),
(15, 20154394),
(15, 20143239),
(15, 20142915),
(15, 20152457),
(15, 20110749),
(15, 20153031),
(15, 20144046),
(15, 20130755),
(15, 20120288),
(15, 20126070),
(15, 20124211),
(15, 20130359),
(15, 20133341),
(15, 20132870),
(15, 20143880),
(15, 20112263),
(15, 20135555),
(15, 20134885),
(15, 20126067),
(15, 20125707),
(15, 20154137),
(15, 20125584),
(15, 20131381),
(15, 20133458),
(15, 20120427),
(15, 20124049),
(15, 20102474),
(15, 20154394),
(15, 20143239),
(15, 20142915),
(15, 20152457),
(15, 20110749),
(15, 20153031),
(15, 20144046),
(15, 20130755),
(15, 20120288),
(15, 20126070),
(15, 20124211),
(15, 20130359),
(15, 20133341),
(15, 20132870),
(15, 20143880),
(15, 20112263),
(15, 20135555),
(15, 20134885),
(15, 20126067),
(15, 20125707),
(15, 20150189),
(15, 20123435),
(15, 20150678),
(15, 20143885),
(15, 20122370),
(15, 20125716),
(15, 20143665),
(15, 20113067),
(15, 20115289),
(15, 20111711),
(15, 20122345),
(15, 20114411),
(15, 20110743),
(15, 20133623),
(15, 20121059),
(15, 20124881),
(15, 20094668),
(15, 20143878),
(15, 20125720),
(15, 20151611),
(15, 20112881),
(15, 20124934),
(15, 20146007),
(15, 20125717),
(15, 20096066),
(15, 20124951),
(15, 20105931),
(15, 20105790),
(15, 20105792),
(15, 20150189),
(15, 20123435),
(15, 20150678),
(15, 20143885),
(15, 20122370),
(15, 20125716),
(15, 20143665),
(15, 20113067),
(15, 20115289),
(15, 20111711),
(15, 20122345),
(15, 20114411),
(15, 20110743),
(15, 20133623),
(15, 20121059),
(15, 20124881),
(15, 20094668),
(15, 20143878),
(15, 20125720),
(15, 20151611),
(15, 20112881),
(15, 20124934),
(15, 20146007),
(15, 20125717),
(15, 20096066),
(15, 20124951),
(15, 20105931),
(15, 20105790),
(15, 20105792),
(15, 20150189),
(15, 20123435),
(15, 20150678),
(15, 20143885),
(15, 20122370),
(15, 20125716),
(15, 20143665),
(15, 20113067),
(15, 20115289),
(15, 20111711),
(15, 20122345),
(15, 20114411),
(15, 20110743),
(15, 20133623),
(15, 20121059),
(15, 20124881),
(15, 20094668),
(15, 20143878),
(15, 20125720),
(15, 20151611),
(15, 20112881),
(15, 20124934),
(15, 20146007),
(15, 20125717),
(15, 20096066),
(15, 20124951),
(15, 20105931),
(15, 20105790),
(15, 20105792);

-- --------------------------------------------------------

--
-- Структура таблицы `CoursProf`
--

CREATE TABLE IF NOT EXISTS `CoursProf` (
  `CoursProf_CoursId` int(11) NOT NULL,
  `CoursProf_ProfId` int(11) NOT NULL,
  KEY `CoursProf_CoursId` (`CoursProf_CoursId`),
  KEY `CoursProf_ProfId` (`CoursProf_ProfId`)
) ENGINE=InnoDB DEFAULT CHARSET=utf8;

--
-- Дамп данных таблицы `CoursProf`
--

INSERT INTO `CoursProf` (`CoursProf_CoursId`, `CoursProf_ProfId`) VALUES
(1, 1),
(2, 2),
(3, 3),
(4, 4),
(5, 5),
(6, 6),
(7, 7),
(8, 9),
(9, 8),
(10, 10),
(11, 7),
(12, 12),
(13, 13),
(14, 14),
(15, 15),
(4, 11),
(7, 8),
(11, 8),
(10, 8),
(8, 8),
(15, 3);

-- --------------------------------------------------------

--
-- Структура таблицы `Etudiants`
--

CREATE TABLE IF NOT EXISTS `Etudiants` (
  `identifiant` int(8) NOT NULL,
  `nom` varchar(35) NOT NULL,
  `prenom` varchar(35) NOT NULL,
  `annee` varchar(2) NOT NULL,
  `parcours` varchar(10) DEFAULT NULL,
  `domaine` varchar(7) NOT NULL DEFAULT 'univ',
  `mel` varchar(50) DEFAULT NULL,
  PRIMARY KEY (`identifiant`),
  UNIQUE KEY `identifiant` (`identifiant`),
  KEY `identifiant_2` (`identifiant`)
) ENGINE=InnoDB DEFAULT CHARSET=utf8;

--
-- Дамп данных таблицы `Etudiants`
--

INSERT INTO `Etudiants` (`identifiant`, `nom`, `prenom`, `annee`, `parcours`, `domaine`, `mel`) VALUES
(20154790, 'ABBOUR', 'ASMAA', 'L3', 'meca', 'univ', 'Asmaa.Abbour.Etu@univ-lemans.fr'),
(20155106, 'AGAISA', 'FREDERIC', 'L1', '', 'univ', 'Frederic.Agaisa.Etu@univ-lemans.fr'),
(20155455, 'AIT MERRI', 'BOUCHRA', 'L3', 'acou', 'univ', 'Bouchra.Ait_Merri.Etu@univ-lemans.fr'),
(20140676, 'ALEXANDRE', 'LOÏC', 'L2', '', 'univ', 'Loic.Alexandre.Etu@univ-lemans.fr'),
(20103057, 'ALKASSOUM KHALID', 'NADIA', 'L1', '', 'univ', 'Nadia.Alkassoum_Khalid.Etu@univ-lemans.fr'),
(20145633, 'ALRIC', 'ANTOINE', 'L1', '', 'univ', 'Antoine.Alric.Etu@univ-lemans.fr'),
(20144909, 'BARDOUX', 'MATTHIEU', 'L1', '', 'univ', 'Matthieu.Bardoux.Etu@univ-lemans.fr'),
(20156065, 'BELLEUS', 'HATTMANN', 'M2', '', 'univ', 'Hattmann.Belleus.Etu@univ-lemans.fr'),
(20122898, 'BENEDETTI', 'LAURETTE', 'M2', '', 'univ', 'Laurette.Benedetti.Etu@univ-lemans.fr'),
(20101825, 'BENOUARET', 'MEHDI', 'L1', '', 'univ', 'Mehdi.Benouaret.Etu@univ-lemans.fr'),
(20141580, 'BERARD', 'WILLIAM', 'L1', '', 'univ', 'William.Berard.Etu@univ-lemans.fr'),
(20154686, 'BERGEON', 'PABLO', 'L2', '', 'univ', 'Pablo.Bergeon.Etu@univ-lemans.fr'),
(20152695, 'BERNARD', 'LOÏC', 'L1', '', 'univ', 'Loic.Bernard.Etu@univ-lemans.fr'),
(20121892, 'BERTET', 'THÉO', 'L3', 'acou', 'univ', 'Theo.Bertet.Etu@univ-lemans.fr'),
(20130493, 'BESNOIST', 'MARCELIN', 'L3', 'acou', 'univ', 'Marcelin.Besnoist.Etu@univ-lemans.fr'),
(20123023, 'BIGOT', 'BASTIEN', 'M1', '', 'univ', 'Bastien.Bigot.Etu@univ-lemans.fr'),
(20150189, 'BILLAUD', 'LORIS', 'M1', '', 'univ', 'Loris.Billaud.Etu@univ-lemans.fr'),
(20123435, 'BLANQUART', 'ANTHONY', 'M1', '', 'univ', 'Anthony.Blanquart.Etu@univ-lemans.fr'),
(20152174, 'BLUTEAU', 'LÉA', 'L2', '', 'univ', 'Lea.Bluteau.Etu@univ-lemans.fr'),
(20154137, 'BOISSINOT', 'MAEL', 'L3', 'acou', 'univ', 'Mael.Boissinot.Etu@univ-lemans.fr'),
(20151803, 'BOUQUET', 'TRISTAN', 'L1', '', 'univ', 'Tristan.Bouquet.Etu@univ-lemans.fr'),
(20150678, 'BOURIN', 'VICTOR', 'M1', '', 'univ', 'Victor.Bourin.Etu@univ-lemans.fr'),
(20150933, 'BRINON', 'BAPTISTE', 'L1', '', 'univ', 'Baptiste.Brinon.Etu@univ-lemans.fr'),
(20125584, 'BROCARD', 'ANDREW', 'L3', 'acou', 'univ', 'Andrew.Brocard.Etu@univ-lemans.fr'),
(20156053, 'BROCHERIEUX', 'THIBAULT', 'L1', '', 'univ', 'Thibault.Brocherieux.Etu@univ-lemans.fr'),
(20131308, 'BROU', 'N''GOAN', 'L3', 'meca', 'univ', 'NGoan.Brou.Etu@univ-lemans.fr'),
(20143885, 'BROUSSIER', 'BAPTISTE', 'M1', '', 'univ', 'Baptiste.Broussier.Etu@univ-lemans.fr'),
(20143987, 'BUISSON', 'JONAS', 'L3', 'acou', 'univ', 'Jonas.Buisson.Etu@univ-lemans.fr'),
(20152709, 'BUTLER', 'OSCAR', 'L1', '', 'univ', 'Oscar.Butler.Etu@univ-lemans.fr'),
(20111933, 'CAMI', 'ÉLINA', 'M1', '', 'univ', 'Elina.Cami.Etu@univ-lemans.fr'),
(20144910, 'CAO', 'BOXIN', 'L1', '', 'univ', 'Boxin.Cao.Etu@univ-lemans.fr'),
(20111292, 'CARRERO', 'RÉMY', 'M2', '', 'univ', 'remy.Carrero.Etu@univ-lemans.fr'),
(20152200, 'CATHELIN', 'VIVIEN', 'L3', 'acou', 'univ', 'Vivien.Cathelin.Etu@univ-lemans.fr'),
(20122370, 'CAVALIERI', 'THÉO', 'M1', '', 'univ', 'Theo.Cavalieri.Etu@univ-lemans.fr'),
(20141226, 'CERRI', 'LUCAS', 'L2', '', 'univ', 'Lucas.Cerri.Etu@univ-lemans.fr'),
(20140498, 'CHAMPION', 'TANGUY', 'L2', '', 'univ', 'Tanguy.Champion.Etu@univ-lemans.fr'),
(20152456, 'CHAPUY', 'MATTÉO', 'L3', 'acou', 'univ', 'Matteo.Chapuy.Etu@univ-lemans.fr'),
(20154251, 'CHAUVEAU', 'NICOLAS', 'L2', '', 'univ', 'Nicolas.Chauveau.Etu@univ-lemans.fr'),
(20145561, 'CHEN', 'XI', 'L3', 'meca', 'univ', 'Xi_Chen.Etu@univ-lemans.fr'),
(20125716, 'CHEN', 'MING', 'M1', '', 'univ', 'Ming.Chen.Etu@univ-lemans.fr'),
(20131381, 'CHEVALIER', 'LOUIS', 'L3', 'acou', 'univ', 'Louis.Chevalier.Etu@univ-lemans.fr'),
(20141738, 'CHUPIN', 'ADÈLE', 'L2', '', 'univ', 'Adele.Chupin.Etu@univ-lemans.fr'),
(20081766, 'CIRON', 'FABIEN', 'L1', '', 'univ', 'Fabien.Ciron.Etu@univ-lemans.fr'),
(20121300, 'COHEN', 'MEHDI', 'L1', '', 'univ', 'Mehdi.Cohen.Etu@univ-lemans.fr'),
(20151267, 'COMBASTEIX', 'BENOIT', 'L1', '', 'univ', 'Benoit.Combasteix.Etu@univ-lemans.fr'),
(20133458, 'CONTOUR', 'BAPTISTE', 'L3', 'acou', 'univ', 'Baptiste.Contour.Etu@univ-lemans.fr'),
(20151050, 'CORMIER', 'PIERRE-LOUIS', 'L1', '', 'univ', 'Pierre-Louis.Cormier.Etu@univ-lemans.fr'),
(20120427, 'COR1', 'GWENIVIG', 'L3', 'acou', 'univ', 'Gwenivig.Cor1.Etu@univ-lemans.fr'),
(20152561, 'COTTAIS', 'ANTOINE', 'L1', '', 'univ', 'Antoine.Cottais.Etu@univ-lemans.fr'),
(20154882, 'COULON', 'SWANN', 'L1', '', 'univ', 'Swann.Coulon.Etu@univ-lemans.fr'),
(20096468, 'CUI', 'BOSHU', 'L3', 'acou', 'univ', 'Boshu.Cui.Etu@univ-lemans.fr'),
(20153137, 'DE MEYER', 'SACHA', 'L1', '', 'univ', 'Sacha.de_Meyer.Etu@univ-lemans.fr'),
(20152178, 'DEBIAIS', 'CORENTIN', 'L2', '', 'univ', 'Corentin.Debiais.Etu@univ-lemans.fr'),
(20130865, 'DEBONNE', 'VALENTIN', 'L1', '', 'univ', 'Valentin.Debonne.Etu@univ-lemans.fr'),
(20144278, 'DECUP', 'FÉLIX', 'L2', '', 'univ', 'Felix.Decup.Etu@univ-lemans.fr'),
(20112207, 'DEFONTAINE', 'JEAN-SULIAC', 'M2', '', 'univ', 'Jean-Suliac.Defontaine.Etu@univ-lemans.fr'),
(20143665, 'DELALANDE', 'RONAN', 'M1', '', 'univ', 'ronan.Delalande.Etu@univ-lemans.fr'),
(20124049, 'DESCHAMPS', 'VIRGIL', 'L3', 'acou', 'univ', 'Virgil.Deschamps.Etu@univ-lemans.fr'),
(20144319, 'DESNOS', 'GUIRAL', 'M2', '', 'univ', 'Guiral.Desnos.Etu@univ-lemans.fr'),
(20141328, 'DESNOS', 'SIMON', 'L1', '', 'univ', 'Simon.Desnos.Etu@univ-lemans.fr'),
(20155652, 'DESPRES', 'CLÉMENT', 'L1', '', 'univ', 'Clement.Despres.Etu@univ-lemans.fr'),
(20150029, 'DI CARLO', 'BENJAMIN', 'L1', '', 'univ', 'Benjamin.Di_Carlo.Etu@univ-lemans.fr'),
(20130551, 'DIABATE', 'SAMUEL', 'L3', 'acou', 'univ', 'Samuel.Diabate.Etu@univ-lemans.fr'),
(20145024, 'DIALLO', 'BAYE ELY', 'L3', 'meca', 'univ', 'Baye_Ely.Diallo.Etu@univ-lemans.fr'),
(20102474, 'DIALLO', 'OUMAR', 'L3', 'acou', 'univ', 'Oumar.Diallo.Etu@univ-lemans.fr'),
(20143058, 'DINGA', 'ANDY', 'L1', '', 'univ', 'Andy.Dinga.Etu@univ-lemans.fr'),
(20110601, 'DINSENMEYER', 'ALICE', 'M2', '', 'univ', 'Alice.Dinsenmeyer.Etu@univ-lemans.fr'),
(20125872, 'DUBOSQ', 'THIBAULT', 'L3', 'meca', 'univ', 'Thibault.Dubosq.Etu@univ-lemans.fr'),
(20142083, 'DUROY', 'ANNE-LISE', 'L2', '', 'univ', 'Anne-Lise.Duroy.Etu@univ-lemans.fr'),
(20134009, 'DUSSIN-RICHARD', 'FANNY', 'L3', 'meca', 'univ', 'Fanny.Dussin-richard.Etu@univ-lemans.fr'),
(20154394, 'EL OMARI', 'SAÏD', 'L3', 'acou', 'univ', 'Said.el_Omari.Etu@univ-lemans.fr'),
(20144089, 'EL SAWAF', 'OSSEN', 'M2', '', 'univ', 'Ossen.el_Sawaf.Etu@univ-lemans.fr'),
(20113067, 'ELISABETH', 'FRANCK', 'M1', '', 'univ', 'Franck.Elisabeth.Etu@univ-lemans.fr'),
(20140475, 'FABRE', 'FRANÇOIS', 'L2', '', 'univ', 'Francois.Fabre.Etu@univ-lemans.fr'),
(20115289, 'FEI', 'LINYU', 'M1', '', 'univ', 'Linyu.Fei.Etu@univ-lemans.fr'),
(20151895, 'FOUCHER', 'ROMAIN', 'L1', '', 'univ', 'romain.Foucher.Etu@univ-lemans.fr'),
(20154991, 'FRESLON-LE FLOC''H', 'FIGARO', 'L2', '', 'univ', 'Figaro.Freslon-Le_FlocH.Etu@univ-lemans.fr'),
(20112277, 'GABORIT', 'MATHIEU', 'M2', '', 'univ', 'Mathieu.Gaborit.Etu@univ-lemans.fr'),
(20143239, 'GASTINEAU', 'THOMAS', 'L3', 'acou', 'univ', 'Thomas.Gastineau.Etu@univ-lemans.fr'),
(20153796, 'GAUDET', 'CLOTILDE', 'L1', '', 'univ', 'Clotilde.Gaudet.Etu@univ-lemans.fr'),
(20142915, 'GAURAN', 'THIBAULT', 'L3', 'acou', 'univ', 'Thibault.Gauran.Etu@univ-lemans.fr'),
(20152457, 'GEDOUIN', 'EWEN', 'L3', 'acou', 'univ', 'Ewen.Gedouin.Etu@univ-lemans.fr'),
(20142870, 'GENOUEL', 'FLORIAN', 'L1', '', 'univ', 'Florian_Genouel.Etu@univ-lemans.fr'),
(20142774, 'GHISTELINCK', 'YANN', 'L2', '', 'univ', 'Yann.Ghistelinck.Etu@univ-lemans.fr'),
(20150101, 'GOASDOUÉ', 'RONAN', 'L1', '', 'univ', 'ronan.Goasdoue.Etu@univ-lemans.fr'),
(20110749, 'GOMIS', 'DJESONE', 'L3', 'acou', 'univ', 'Djesone.Gomis.Etu@univ-lemans.fr'),
(20153031, 'GOSTEAU', 'NINA', 'L3', 'acou', 'univ', 'Nina.Gosteau.Etu@univ-lemans.fr'),
(20151274, 'GRALL', 'FLORIAN', 'L1', '', 'univ', 'Florian.Grall.Etu@univ-lemans.fr'),
(20100759, 'GRICH', 'LAHCEN', 'M2', '', 'univ', 'Lahcen.Grich.Etu@univ-lemans.fr'),
(20151177, 'GUÉHO', 'LÉNAÏG', 'L1', '', 'univ', 'Lenaig.Gueho.Etu@univ-lemans.fr'),
(20133964, 'GUIBARD', 'ARTHUR', 'M2', '', 'univ', 'Arthur.Guibard.Etu@univ-lemans.fr'),
(20111711, 'GUILHEM', 'ROMAIN', 'M1', '', 'univ', 'romain.Guilhem.Etu@univ-lemans.fr'),
(20155443, 'GUIMIMI', 'AISSAM', 'L1', '', 'univ', 'Aissam.Guimimi.Etu@univ-lemans.fr'),
(20144533, 'HAJJAJI', 'M''HAMED', 'L3', 'meca', 'univ', 'MHamed.Hajjaji.Etu@univ-lemans.fr'),
(20152085, 'HALLOUIN', 'NATHAN', 'L1', '', 'univ', 'Nathan.Hallouin.Etu@univ-lemans.fr'),
(20154796, 'HAMEAU', 'LOUIS', 'L1', '', 'univ', 'Louis.Hameau.Etu@univ-lemans.fr'),
(20141528, 'HAMONET', 'VICTOR', 'L2', '', 'univ', 'Victor.Hamonet.Etu@univ-lemans.fr'),
(20153383, 'HASSANI', 'KADER', 'L1', '', 'univ', 'Kader.Hassani.Etu@univ-lemans.fr'),
(20140711, 'HAVARD', 'ALEXANDRE', 'L2', '', 'univ', 'Alexandre.Havard.Etu@univ-lemans.fr'),
(20153711, 'HEBERT', 'JEREMY', 'L1', '', 'univ', 'Jeremy_Hebert.Etu@univ-lemans.fr'),
(20153856, 'HERVE', 'LUCAS', 'L1', '', 'univ', 'Lucas.Herve.Etu@univ-lemans.fr'),
(20112175, 'HIE', 'FÉLIX', 'M2', '', 'univ', 'Felix.Hie.Etu@univ-lemans.fr'),
(20112473, 'IGABE', 'CHRISTIAN', 'L3', 'acou', 'univ', 'Christian.Igabe.Etu@univ-lemans.fr'),
(20151094, 'IZAL', 'AYMERIC', 'L1', '', 'univ', 'Aymeric.Izal.Etu@univ-lemans.fr'),
(20151917, 'IZAUTE', 'BENOÏT', 'L1', '', 'univ', 'Benoit.Izaute.Etu@univ-lemans.fr'),
(20142274, 'JAMIER', 'GUILLAUME', 'L2', '', 'univ', 'Guillaume.Jamier.Etu@univ-lemans.fr'),
(20141015, 'JOLLIET', 'CORENTIN', 'L1', '', 'univ', 'Corentin.Jolliet.Etu@univ-lemans.fr'),
(20154186, 'JOLY-VUILLEMIN', 'LEOPOLD', 'L1', '', 'univ', 'Leopold.Joly-Vuillemin.Etu@univ-lemans.fr'),
(20142339, 'JULIENNE', 'THIBAUT', 'L2', '', 'univ', 'Thibaut.Julienne.Etu@univ-lemans.fr'),
(20141991, 'JULLIEN', 'ROMAIN', 'L1', '', 'univ', 'romain.Jullien.Etu@univ-lemans.fr'),
(20122345, 'KAYSER', 'BILL', 'M1', '', 'univ', 'Bill.Kayser.Etu@univ-lemans.fr'),
(20154250, 'KIMRI', 'ISMAEL', 'L3', 'meca', 'univ', 'Ismael.Kimri.Etu@univ-lemans.fr'),
(20143416, 'LABITRIE', 'LOUIS', 'L2', '', 'univ', 'Louis.Labitrie.Etu@univ-lemans.fr'),
(20110583, 'LAMBERT', 'JULIEN', 'M2', '', 'univ', 'Julien_Lambert.Etu@univ-lemans.fr'),
(20144046, 'LAMOTHE', 'NATHALIE', 'L3', 'acou', 'univ', 'Nathalie.Lamothe.Etu@univ-lemans.fr'),
(20096474, 'LAN', 'CHUANJUN', 'M2', '', 'univ', 'Chuanjun.Lan.Etu@univ-lemans.fr'),
(20152346, 'LARDY', 'ANTHONY', 'L1', '', 'univ', 'Anthony.Lardy.Etu@univ-lemans.fr'),
(20153511, 'LARMIGNAT', 'THOMAS', 'L1', '', 'univ', 'Thomas.Larmignat.Etu@univ-lemans.fr'),
(20152535, 'LE BRUN', 'TERENCE', 'L1', '', 'univ', 'Terence.le_Brun.Etu@univ-lemans.fr'),
(20130755, 'LE DEUNF', 'MERYEM', 'L3', 'acou', 'univ', 'Meryem.le_Deunf.Etu@univ-lemans.fr'),
(20121602, 'LE GUENEDAL', 'VINCENT', 'L3', 'acou', 'univ', 'Vincent.le_Guenedal.Etu@univ-lemans.fr'),
(20113098, 'LE MOIGN', 'GOULVEN', 'M1', '', 'univ', 'Goulven.le_Moign.Etu@univ-lemans.fr'),
(20152303, 'LEBERT', 'KENNY', 'L1', '', 'univ', 'Kenny.Lebert.Etu@univ-lemans.fr'),
(20153071, 'LEBOURDAIS', 'MARTIN', 'L1', '', 'univ', 'Martin.Lebourdais.Etu@univ-lemans.fr'),
(20152939, 'LECA', 'KEVIN', 'L1', '', 'univ', 'Kevin.Leca.Etu@univ-lemans.fr'),
(20143621, 'LECHAT', 'BASTIEN', 'L2', '', 'univ', 'Bastien.Lechat.Etu@univ-lemans.fr'),
(20112653, 'LECHAT', 'THOMAS', 'M2', '', 'univ', 'Thomas.Lechat.Etu@univ-lemans.fr'),
(20123064, 'LENG', 'JULIEN', 'M2', '', 'univ', 'Julien.Leng.Etu@univ-lemans.fr'),
(20150944, 'LENGAGNE', 'ARNAUD', 'L2', '', 'univ', 'Arnaud.Lengagne.Etu@univ-lemans.fr'),
(20120288, 'LEROUX', 'GAËL', 'L3', 'acou', 'univ', 'Gael.Leroux.Etu@univ-lemans.fr'),
(20152289, 'LETESSIER', 'HADRIEN', 'L1', '', 'univ', 'Hadrien.Letessier.Etu@univ-lemans.fr'),
(20145466, 'LI', 'JIESEN', 'L3', 'meca', 'univ', 'Jiesen.Li.Etu@univ-lemans.fr'),
(20146510, 'LI', 'JINZHAO', 'L3', 'meca', 'univ', 'Jinzhao.Li.Etu@univ-lemans.fr'),
(20145470, 'LI', 'YUHENG', 'L3', 'meca', 'univ', 'Yuheng.Li.Etu@univ-lemans.fr'),
(20114411, 'LIU', 'HONGYU', 'M1', '', 'univ', 'Hongyu.Liu.Etu@univ-lemans.fr'),
(20126070, 'LIU', 'JUNJIANG', 'L3', 'acou', 'univ', 'Jun.Liu.Etu@univ-lemans.fr'),
(20136291, 'LIU', 'YICHENG', 'L1', '', 'univ', 'Yicheng.Liu.Etu@univ-lemans.fr'),
(20145616, 'LOISON', 'THÉO', 'L1', '', 'univ', 'Theo.Loison.Etu@univ-lemans.fr'),
(20133476, 'LONG', 'DUC', 'L2', '', 'univ', 'Duc.Long.Etu@univ-lemans.fr'),
(20155527, 'LUNAIN', 'DAVID', 'M2', '', 'univ', 'David.Lunain.Etu@univ-lemans.fr'),
(20135478, 'MAACHOU', 'YASSINE', 'L2', '', 'univ', 'Yassine.Maachou.Etu@univ-lemans.fr'),
(20145237, 'MAAOUI', 'MEHDI', 'L3', 'meca', 'univ', 'Mehdi.Maaoui.Etu@univ-lemans.fr'),
(20110743, 'MACQ', 'HIPPOLYTE', 'M1', '', 'univ', 'Hippolyte.Macq.Etu@univ-lemans.fr'),
(20133623, 'MADIGOU', 'FLORIAN', 'M1', '', 'univ', 'Florian.Madigou.Etu@univ-lemans.fr'),
(20155362, 'MAIRE DU POSET', 'ADRIEN', 'L2', '', 'univ', 'Adrien.Maire_du_Poset.Etu@univ-lemans.fr'),
(20151509, 'MALIGE', 'JULIEN', 'L1', '', 'univ', 'Julien.Malige.Etu@univ-lemans.fr'),
(20121059, 'MALLEJAC', 'MATTHIEU', 'M1', '', 'univ', 'Matthieu.Mallejac.Etu@univ-lemans.fr'),
(20124881, 'MANY AKA''A', 'PAUL DESCHANEL', 'M1', '', 'univ', 'Paul_Deschanel.Many_AkaA.Etu@univ-lemans.fr'),
(20152043, 'MARKARIAN', 'MAXIME', 'L1', '', 'univ', 'Maxime.Markarian.Etu@univ-lemans.fr'),
(20140210, 'MARTINEAU', 'CHARLES-ALBAN', 'L1', '', 'univ', 'Charles-Alban.Martineau.Etu@univ-lemans.fr'),
(20152288, 'MARTINEZ Y ROYO', 'MAEVA', 'M2', '', 'univ', 'Maeva.Martinez_Y_royo.Etu@univ-lemans.fr'),
(20152184, 'MASSAL', 'OLIVIER', 'L1', '', 'univ', 'Olivier.Massal.Etu@univ-lemans.fr'),
(20094668, 'MASSOSSA TELO', 'GAUDREY', 'M1', '', 'univ', 'Gaudrey.Massossa_Telo.Etu@univ-lemans.fr'),
(20124211, 'MASTORIS', 'SPYRIDON', 'L3', 'acou', 'univ', 'Spyridon.Mastoris.Etu@univ-lemans.fr'),
(20131941, 'MATTELIN', 'RÉMI', 'L2', '', 'univ', 'remi.Mattelin.Etu@univ-lemans.fr'),
(20111728, 'MAURY', 'GAËTAN', 'M2', '', 'univ', 'Gaetan.Maury.Etu@univ-lemans.fr'),
(20154052, 'MAUTE', 'MAXIME', 'L3', 'meca', 'univ', 'Maxime.Maute.Etu@univ-lemans.fr'),
(20124362, 'MAXAUD', 'AGATHE', 'L2', '', 'univ', 'Agathe.Maxaud.Etu@univ-lemans.fr'),
(20154869, 'MAYOUMA', 'ARDIVINE', 'L1', '', 'univ', 'Ardivine.Mayouma.Etu@univ-lemans.fr'),
(20155755, 'MBOUNGOU NGOTH', 'ESPOIR', 'L1', '', 'univ', 'Espoir.Mboungou_Ngoth.Etu@univ-lemans.fr'),
(20130359, 'MERRIEN', 'TONY', 'L3', 'acou', 'univ', 'Tony.Merrien.Etu@univ-lemans.fr'),
(20154613, 'MESNAGER', 'MATTHIEU', 'L1', '', 'univ', 'Matthieu.Mesnager.Etu@univ-lemans.fr'),
(20104004, 'MESSAGIER', 'HOUSSEM-EDDINE', 'L2', '', 'univ', 'Houssem-Eddine.Messagier.Etu@univ-lemans.fr'),
(20150468, 'MESSAGIER', 'OUASSIM', 'L1', '', 'univ', 'Ouassim.Messagier.Etu@univ-lemans.fr'),
(20133341, 'METEYER', 'ERWAN', 'L3', 'acou', 'univ', 'Erwan.Meteyer.Etu@univ-lemans.fr'),
(20143381, 'MICHAUD', 'FÉLIX', 'L2', '', 'univ', 'Felix.Michaud.Etu@univ-lemans.fr'),
(20153750, 'MICHEL', 'NILS', 'L1', '', 'univ', 'Nils.Michel.Etu@univ-lemans.fr'),
(20131589, 'MICHELON', 'FLORIAN', 'L2', '', 'univ', 'Florian.Michelon.Etu@univ-lemans.fr'),
(20143878, 'MONNIER', 'JEAN', 'M1', '', 'univ', 'Jean.Monnier.Etu@univ-lemans.fr'),
(20093726, 'MONNY DAIDO ESSAKA', 'DANIEL', 'M2', '', 'univ', 'Daniel.Monny_Daido_Essaka.Etu@univ-lemans.fr'),
(20112192, 'MORGANT', 'VICTOR', 'L1', '', 'univ', 'Victor.Morgant.Etu@univ-lemans.fr'),
(20151938, 'MOTTIER', 'EMERIC', 'L1', '', 'univ', 'Emeric.Mottier.Etu@univ-lemans.fr'),
(20133800, 'NGATCHOU-DOKOSSI', 'JUNIOR', 'L1', '', 'univ', 'Junior.Ngatchou-Dokossi.Etu@univ-lemans.fr'),
(20155363, 'NIEZ', 'BAPTISTE', 'L1', '', 'univ', 'Baptiste.Niez.Etu@univ-lemans.fr'),
(20125720, 'NIU', 'BOCHUAN', 'M1', '', 'univ', 'Bochuan.Niu.Etu@univ-lemans.fr'),
(20153924, 'NOUVELIERE', 'BENJAMIN', 'L1', '', 'univ', 'Benjamin.Nouveliere.Etu@univ-lemans.fr'),
(20151070, 'OKTAY', 'SAMED', 'L1', '', 'univ', 'Samed.Oktay.Etu@univ-lemans.fr'),
(20133031, 'OTMANI', 'AMINE', 'L2', '', 'univ', 'Amine.Otmani.Etu@univ-lemans.fr'),
(20155337, 'OUALET', 'NATHAN', 'L1', '', 'univ', 'Nathan.Oualet.Etu@univ-lemans.fr'),
(20131594, 'OUSMANOV', 'SAID MAGOMED', 'L1', '', 'univ', 'Said.Ousmanov.Etu@univ-lemans.fr'),
(20144037, 'OVIEDO SEGURA', 'DANIEL', 'L1', '', 'univ', 'Daniel.Oviedo_Segura.Etu@univ-lemans.fr'),
(20132870, 'PANCHER', 'PIERRE-LOUIS', 'L3', 'acou', 'univ', 'Pierre-Louis.Pancher.Etu@univ-lemans.fr'),
(20111455, 'PAPET', 'LÉO', 'M2', '', 'univ', 'Leo.Papet.Etu@univ-lemans.fr'),
(20154508, 'PASTOURET', 'GILLES', 'L1', '', 'univ', 'Gilles.Pastouret.Etu@univ-lemans.fr'),
(20143880, 'PAVLISTA', 'JUSTIN', 'L3', 'acou', 'univ', 'Justin.Pavlista.Etu@univ-lemans.fr'),
(20150789, 'PELLOIN', 'VALENTIN', 'L1', '', 'univ', 'Valentin.Pelloin.Etu@univ-lemans.fr'),
(20153804, 'PRESOTTO', 'HUGO', 'L1', '', 'univ', 'Hugo.Presotto.Etu@univ-lemans.fr'),
(20101803, 'PROD''HOMME', 'ARTHUR', 'L1', '', 'univ', 'Arthur.ProdHomme.Etu@univ-lemans.fr'),
(20105786, 'QIAN', 'CHENG', 'M2', '', 'univ', 'Cheng.Qian.Etu@univ-lemans.fr'),
(20146535, 'QU', 'SHILIN', 'L2', '', 'univ', 'Shilin.Qu.Etu@univ-lemans.fr'),
(20150086, 'RAHAL', 'CÉDRIC', 'L1', '', 'univ', 'Cedric.rahal.Etu@univ-lemans.fr'),
(20151170, 'RAKOTOVAZAHA', 'TIMOTHY', 'L1', '', 'univ', 'Timothy.rakotovazaha.Etu@univ-lemans.fr'),
(20150461, 'RAPPIN', 'CLÉMENT', 'L1', '', 'univ', 'Clement.rappin.Etu@univ-lemans.fr'),
(20144220, 'RASSART', 'STEVEN', 'M2', '', 'univ', 'Steven.rassart.Etu@univ-lemans.fr'),
(20152451, 'REAN-CONTO', 'LORENZO', 'L1', '', 'univ', 'Lorenzo.rean-Conto.Etu@univ-lemans.fr'),
(20110399, 'REMOND', 'ANTOINE', 'M1', '', 'univ', 'Antoine.remond.Etu@univ-lemans.fr'),
(20131945, 'ROMMÉ', 'ALEXIS', 'L2', '', 'univ', 'Alexis.romme.Etu@univ-lemans.fr'),
(20133192, 'RYLIAKOVA', 'MARIIA', 'L1', '', 'univ', 'Mariia.ryliakova.Etu@univ-lemans.fr'),
(20141595, 'SADONNET', 'ALEXANDRE', 'L1', '', 'univ', 'Alexandre.Sadonnet.Etu@univ-lemans.fr'),
(20152046, 'SANTINO', 'OCTAVE', 'M2', '', 'univ', 'Octave.Cartier-Santino.Etu@univ-lemans.fr'),
(20123792, 'SAURON', 'NATHAN', 'M2', '', 'univ', 'Nathan.Sauron.Etu@univ-lemans.fr'),
(20151611, 'SAVERNA', 'CHARLOTTE', 'M1', '', 'univ', 'Charlotte.Saverna.Etu@univ-lemans.fr'),
(20112881, 'SBIY', 'ADIL', 'M1', '', 'univ', 'Adil.Sbiy.Etu@univ-lemans.fr'),
(20150340, 'SEBILLE', 'FLORIAN', 'L1', '', 'univ', 'Florian.Sebille.Etu@univ-lemans.fr'),
(20154122, 'SEHBANI', 'HAYAT', 'L3', 'meca', 'univ', 'Hayat.Sehbani.Etu@univ-lemans.fr'),
(20132942, 'SIMÉONI', 'HERMES', 'L2', '', 'univ', 'Hermes.Simeoni.Etu@univ-lemans.fr'),
(20153914, 'SIVADON', 'AUDREY', 'L2', '', 'univ', 'Audrey.Sivadon.Etu@univ-lemans.fr'),
(20154650, 'SOMVILLE', 'ALEXANDRE', 'L1', '', 'univ', 'Alexandre.Somville.Etu@univ-lemans.fr'),
(20124934, 'TADONTSA TEKEU', 'BORIS ACHILLE', 'M1', '', 'univ', 'Boris_Achille.Tadontsa_Tekeu.Etu@univ-lemans.fr'),
(20146474, 'TANG', 'YU KE', 'L1', '', 'univ', 'Yu_Ke.Tang.Etu@univ-lemans.fr'),
(20135724, 'TCHOUBOUM A GAM', 'EVELYNE GHISLAINE', 'M2', '', 'univ', 'Evelyne.Tchouboum_A_Gam.Etu@univ-lemans.fr'),
(20142908, 'TERRIEN', 'ALEXANDRE', 'L1', '', 'univ', 'Alexandre.Terrien.Etu@univ-lemans.fr'),
(20112263, 'TERROIR', 'ARTHUR', 'L3', 'acou', 'univ', 'Arthur.Terroir.Etu@univ-lemans.fr'),
(20143364, 'TESTARD', 'STEVEN', 'L1', '', 'univ', 'Steven.Testard.Etu@univ-lemans.fr'),
(20146292, 'TEYSSIER', 'TITOUAN', 'L1', '', 'univ', 'Titouan.Teyssier.Etu@univ-lemans.fr'),
(20145266, 'THONY', 'SÉBASTIEN', 'L2', '', 'univ', 'Sebastien.Thony.Etu@univ-lemans.fr'),
(20135555, 'THRÉARD', 'THÉO', 'L3', 'acou', 'univ', 'Theo.Threard.Etu@univ-lemans.fr'),
(20155360, 'TOIBIBOU', 'ABDALLAH', 'L1', '', 'univ', 'Abdallah.Toibibou.Etu@univ-lemans.fr'),
(20115588, 'TONG', 'HAOYANG', 'M2', '', 'univ', 'Haoyang.Tong.Etu@univ-lemans.fr'),
(20150409, 'TOUSSAINT', 'HUGO', 'L1', '', 'univ', 'Hugo.Toussaint.Etu@univ-lemans.fr'),
(20151628, 'TROTTIER', 'ARTHUR', 'L1', '', 'univ', 'Arthur.Trottier.Etu@univ-lemans.fr'),
(20144297, 'VAN BAARSEL', 'TOBIAS', 'M2', '', 'univ', 'Tobias.Van_Baarsel.Etu@univ-lemans.fr'),
(20151890, 'VERWICHT', 'LUCAS', 'L1', '', 'univ', 'Lucas.Verwicht.Etu@univ-lemans.fr'),
(97002413, 'VIVION', 'AURELIEN', 'M2', '', 'univ', 'Aurelien.Vivion.Etu@univ-lemans.fr'),
(20146007, 'WADJI TCHUISSI', 'ARMAND BRICE', 'M1', '', 'univ', 'Armand_Brice.Wadji_Tchuissi.Etu@univ-lemans.fr'),
(20125717, 'WANG', 'AO', 'M1', '', 'univ', 'Ao.Wang.Etu@univ-lemans.fr'),
(20134885, 'WU', 'SIMIAO', 'L3', 'acou', 'univ', 'Simiao.Wu.Etu@univ-lemans.fr'),
(20126067, 'XIA', 'YIN', 'L3', 'acou', 'univ', 'Yin.Xia.Etu@univ-lemans.fr'),
(20146514, 'XUE', 'MIN', 'L3', 'meca', 'univ', 'Min.Xue.Etu@univ-lemans.fr'),
(20155026, 'YAHIAOUI', 'KAHINA', 'L1', '', 'univ', 'Kahina.Yahiaoui.Etu@univ-lemans.fr'),
(20125707, 'YAO', 'JIANI', 'L3', 'acou', 'univ', 'Jiani.Yao.Etu@univ-lemans.fr'),
(20146455, 'YAO', 'WENCONG', 'L1', '', 'univ', 'Wencong.Yao.Etu@univ-lemans.fr'),
(20096066, 'YODJOUEN', 'CEDRIC ULRICH', 'M1', '', 'univ', 'Cedric_Ulrich.Yodjouen.Etu@univ-lemans.fr'),
(20124951, 'YONGA NDJOMI', 'EDDIE PACHELIE', 'M1', '', 'univ', 'Eddie_Pachelie.Yonga_Ndjomi.Etu@univ-lemans.fr'),
(20094452, 'YU', 'XIAOYANG', 'M2', '', 'univ', 'Xiaoyang.Yu.Etu@univ-lemans.fr'),
(20105931, 'YUAN', 'JUNCHAO', 'M1', '', 'univ', 'Junchao.Yuan.Etu@univ-lemans.fr'),
(20130318, 'ZHANG', 'FAN', 'L1', '', 'univ', 'Zhang.Fan.Etu@univ-lemans.fr'),
(20105790, 'ZHANG', 'GUISONG', 'M1', '', 'univ', 'Guisong.Zhang.Etu@univ-lemans.fr'),
(20115595, 'ZHANG', 'LIUJIAN', 'M2', '', 'univ', 'Liujian.Zhang.Etu@univ-lemans.fr'),
(20105792, 'ZHANG', 'NAN', 'M1', '', 'univ', 'Nan.Zhang.Etu@univ-lemans.fr'),
(20136267, 'ZHANG', 'NIANLU', 'L2', '', 'univ', 'Nianlu.Zhang.Etu@univ-lemans.fr'),
(20136288, 'ZHOU', 'LITAO', 'L3', 'meca', 'univ', 'Litao.Zhou.Etu@univ-lemans.fr');

-- --------------------------------------------------------

--
-- Структура таблицы `Professeurs`
--

CREATE TABLE IF NOT EXISTS `Professeurs` (
  `Professeur_id` int(1) NOT NULL,
  `Professeur_prenom` varchar(35) NOT NULL,
  `Professeur_nom` varchar(35) NOT NULL,
  `Professeur_mail` varchar(35) DEFAULT NULL,
  `Professeur_password` varchar(15) DEFAULT NULL,
  PRIMARY KEY (`Professeur_id`),
  UNIQUE KEY `Professeur_id` (`Professeur_id`),
  KEY `Professeur_id_2` (`Professeur_id`)
) ENGINE=InnoDB DEFAULT CHARSET=utf8;

--
-- Дамп данных таблицы `Professeurs`
--

INSERT INTO `Professeurs` (`Professeur_id`, `Professeur_prenom`, `Professeur_nom`, `Professeur_mail`, `Professeur_password`) VALUES
(1, 'Charfeddine ', 'Mechri', NULL, NULL),
(2, 'Alann', 'Renault', NULL, NULL),
(3, 'Wenping', 'Bi', NULL, NULL),
(4, 'Christophe', 'Ayrault', NULL, NULL),
(5, 'Jean-Pierre', 'Dalmont', NULL, NULL),
(6, 'Olivier', 'Dazel', NULL, NULL),
(7, 'Catherine', 'Potel', NULL, NULL),
(8, 'Jean-Michel', 'Génevaux', NULL, NULL),
(9, 'Manuel', 'Melon', NULL, NULL),
(10, 'Najat', 'Tahani', NULL, NULL),
(12, 'Bruno', 'Brouard', NULL, NULL),
(13, 'Bernard', 'Castagnède', NULL, NULL),
(14, 'Guillaume', 'Penelet', NULL, NULL),
(15, 'Frédéric', 'Ablitzer', NULL, NULL),
(11, 'Lihore', 'Bertrand', NULL, NULL);

-- /*!40101 SET CHARACTER_SET_CLIENT=@OLD_CHARACTER_SET_CLIENT */;
-- /*!40101 SET CHARACTER_SET_RESULTS=@OLD_CHARACTER_SET_RESULTS */;
-- /*!40101 SET COLLATION_CONNECTION=@OLD_COLLATION_CONNECTION */;
SET FOREIGN_KEY_CHECKS=0;
USE `projet5`;


ALTER TABLE `competences` 
ADD CONSTRAINT `FK1_COMPPAR1`
  FOREIGN KEY (`Code`)
  REFERENCES `compparent` (`CompParent_Son`)
  ON DELETE CASCADE
  ON UPDATE CASCADE;
  
  ALTER TABLE `competences` 
ADD CONSTRAINT `FK2_COMPPAR2`
  FOREIGN KEY (`Code`)
  REFERENCES `compparent` (`CompParent_Father`)
  ON DELETE CASCADE
  ON UPDATE CASCADE;
  
  
  ALTER TABLE `competences` 
ADD CONSTRAINT `FK3_COMPRESP`
  FOREIGN KEY (`Code`)
  REFERENCES `compresp` (`CompResp_CompCode`)
  ON DELETE CASCADE
  ON UPDATE CASCADE;
  
   ALTER TABLE `competences` 
ADD CONSTRAINT `FK4_COMPETUD`
  FOREIGN KEY (`Code`)
  REFERENCES `competud` (`CompEtud_CompetenceCode`)
  ON DELETE CASCADE
  ON UPDATE CASCADE;
  
  
   ALTER TABLE `Professeurs` 
ADD CONSTRAINT `FK5_PROFCOMP`
  FOREIGN KEY (`Professeur_id`)
  REFERENCES `compresp` (`CompResp_ProfId`)
  ON DELETE CASCADE
  ON UPDATE CASCADE; 
  
   ALTER TABLE `Professeurs` 
ADD CONSTRAINT `FK6_PROFCOURS`
  FOREIGN KEY (`Professeur_id`)
  REFERENCES `CoursProf` (`CoursProf_ProfId`)
  ON DELETE CASCADE
  ON UPDATE CASCADE; 
  
  
   ALTER TABLE `Cours` 
ADD CONSTRAINT `FK7_COURSPROF`
  FOREIGN KEY (`Cours_id`)
  REFERENCES `CoursProf` (`CoursProf_CoursId`)
  ON DELETE CASCADE
  ON UPDATE CASCADE; 
  
  
    ALTER TABLE `Cours` 
ADD CONSTRAINT `FK8_COURSCOMP`
  FOREIGN KEY (`Cours_id`)
  REFERENCES `competences` (`CoursId`)
  ON DELETE CASCADE
  ON UPDATE CASCADE; 
  
  ALTER TABLE `Cours` 
ADD CONSTRAINT `FK9_COURSETUD`
  FOREIGN KEY (`Cours_id`)
  REFERENCES `CoursEtud` (`CoursEtud_CoursId`)
  ON DELETE CASCADE
  ON UPDATE CASCADE; 
  
  
   ALTER TABLE `Etudiants` 
ADD CONSTRAINT `FK10_ETUDCOURS`
  FOREIGN KEY (`identifiant`)
  REFERENCES `CoursEtud` (`CoursEtud_EtudiantId`)
  ON DELETE CASCADE
  ON UPDATE CASCADE; 
  
   ALTER TABLE `Etudiants` 
ADD CONSTRAINT `FK11_ETUDCOMP`
  FOREIGN KEY (`identifiant`)
  REFERENCES `CompEtud` (`CompEtud_EtudiantId`)
  ON DELETE CASCADE
  ON UPDATE CASCADE; 
  
  
  SET FOREIGN_KEY_CHECKS=1;